Ntime,Matlab_time,Close
20100930,734411,22328
20101004,734415,22630
20101005,734416,22700
20101006,734417,22920
20101007,734418,22969
20101008,734419,22891
20101011,734422,23280
20101012,734423,23126
20101013,734424,23581
20101014,734425,23874
20101015,734426,23738
20101018,734429,23488
20101019,734430,23810
20101020,734431,23554
20101021,734432,23668
20101022,734433,23485
20101025,734436,23707
20101026,734437,23617
20101027,734438,23109
20101028,734439,23205
20101029,734440,22973
20101101,734443,23636
20101102,734444,23677
20101103,734445,24065
20101104,734446,24533
20101105,734447,24789
20101108,734450,24878
20101109,734451,24685
20101110,734452,24408
20101111,734453,24695
20101112,734454,24186
20101115,734457,23955
20101116,734458,23595
20101117,734459,23175
20101118,734460,23537
20101119,734461,23648
20101122,734464,23575
20101123,734465,22951
20101124,734466,22930
20101125,734467,23038
20101126,734468,22860
20101129,734471,22912
20101130,734472,23028
20101201,734473,23259
20101202,734474,23390
20101203,734475,23270
20101206,734478,23173
20101207,734479,23459
20101208,734480,23075
20101209,734481,23147
20101210,734482,23188
20101213,734485,23315
20101214,734486,23390
20101215,734487,22950
20101216,734488,22552
20101217,734489,22672
20101220,734492,22698
20101221,734493,22960
20101222,734494,23110
20101223,734495,22890
20101224,734496,22803
20101228,734500,22633
20101229,734501,23006
20101230,734502,22981
20101231,734503,23020
20110103,734506,23386
20110104,734507,23670
20110105,734508,23754
20110106,734509,23806
20110107,734510,23736
20110110,734513,23517
20110111,734514,23777
20110112,734515,24223
20110113,734516,24265
20110114,734517,24348
20110117,734520,24214
20110118,734521,24190
20110119,734522,24394
20110120,734523,24024
20110121,734524,23871
20110124,734527,23811
20110125,734528,23781
20110126,734529,23858
20110127,734530,23779
20110128,734531,23647
20110131,734534,23371
20110201,734535,23466
20110202,734536,23955
20110207,734541,23515
20110208,734542,23391
20110209,734543,23073
20110210,734544,22718
20110211,734545,22740
20110214,734548,23079
20110215,734549,22920
20110216,734550,23090
20110217,734551,23285
20110218,734552,23580
20110221,734555,23447
20110222,734556,22942
20110223,734557,22939
20110224,734558,22650
20110225,734559,22920
20110228,734562,23298
20110301,734563,23380
20110302,734564,22940
20110303,734565,22998
20110304,734566,23319
20110307,734569,23319
20110308,734570,23740
20110309,734571,23760
20110310,734572,23640
20110311,734573,23212
20110314,734576,23273
20110315,734577,22562
20110316,734578,22611
20110317,734579,22168
20110318,734580,22259
20110321,734583,22611
20110322,734584,22814
20110323,734585,22810
20110324,734586,22937
20110325,734587,23182
20110328,734590,23070
20110329,734591,23070
20110330,734592,23402
20110331,734593,23515
20110401,734594,23841
20110404,734597,24185
20110406,734599,24294
20110407,734600,24302
20110408,734601,24416
20110411,734604,24345
20110412,734605,23968
20110413,734606,24117
20110414,734607,24013
20110415,734608,23962
20110418,734611,23779
20110419,734612,23435
20110420,734613,23880
20110421,734614,24102
20110426,734619,23956
20110427,734620,23825
20110428,734621,23953
20110429,734622,23485
20110503,734626,23394
20110504,734627,23060
20110505,734628,23105
20110506,734629,22970
20110509,734632,23161
20110511,734634,23135
20110512,734635,22865
20110513,734636,23283
20110516,734639,22776
20110517,734640,22786
20110518,734641,22959
20110519,734642,23150
20110520,734643,23145
20110523,734646,22655
20110524,734647,22702
20110525,734648,22744
20110526,734649,22866
20110527,734650,23139
20110530,734653,23198
20110531,734654,23543
20110601,734655,23501
20110602,734656,23168
20110603,734657,22940
20110607,734661,22845
20110608,734662,22560
20110609,734663,22485
20110610,734664,22275
20110613,734667,22420
20110614,734668,22491
20110615,734669,22240
20110616,734670,21941
20110617,734671,21606
20110620,734674,21622
20110621,734675,21834
20110622,734676,21832
20110623,734677,21684
20110624,734678,22148
20110627,734681,21995
20110628,734682,21993
20110629,734683,22117
20110630,734684,22428
20110704,734688,22845
20110705,734689,22786
20110706,734690,22470
20110707,734691,22550
20110708,734692,22809
20110711,734695,22370
20110712,734696,21575
20110713,734697,21880
20110714,734698,21985
20110715,734699,21844
20110718,734702,21791
20110719,734703,21839
20110720,734704,21985
20110721,734705,21959
20110722,734706,22470
20110725,734709,22326
20110726,734710,22540
20110727,734711,22558
20110728,734712,22339
20110729,734713,22325
20110801,734716,22692
20110802,734717,22398
20110803,734718,21939
20110804,734719,21705
20110805,734720,20741
20110808,734723,20390
20110809,734724,19411
20110810,734725,19625
20110811,734726,19411
20110812,734727,19541
20110815,734730,20164
20110816,734731,20117
20110817,734732,20156
20110818,734733,19934
20110819,734734,19309
20110822,734737,19491
20110823,734738,19852
20110824,734739,19415
20110825,734740,19783
20110826,734741,19529
20110829,734744,19845
20110830,734745,20233
20110831,734746,20455
20110901,734747,20401
20110902,734748,20058
20110905,734751,19535
20110906,734752,19690
20110907,734753,19970
20110908,734754,19857
20110909,734755,19723
20110912,734758,18996
20110914,734760,18997
20110915,734761,19197
20110916,734762,19326
20110919,734765,18935
20110920,734766,19006
20110921,734767,18726
20110922,734768,17831
20110923,734769,17762
20110926,734772,17425
20110927,734773,18063
20110928,734774,17954
20110930,734776,17420
20111003,734779,16897
20111004,734780,16257
20111006,734782,17209
20111007,734783,17643
20111010,734786,17734
20111011,734787,17996
20111012,734788,18445
20111013,734789,18612
20111014,734790,18432
20111017,734793,18804
20111018,734794,18139
20111019,734795,18290
20111020,734796,18069
20111021,734797,17957
20111024,734800,18851
20111025,734801,19020
20111026,734802,19032
20111027,734803,19774
20111028,734804,20072
20111031,734807,19785
20111101,734808,19301
20111102,734809,19763
20111103,734810,19292
20111104,734811,19892
20111107,734814,19596
20111108,734815,19797
20111109,734816,19935
20111110,734817,19033
20111111,734818,19071
20111114,734821,19506
20111115,734822,19295
20111116,734823,18888
20111117,734824,18873
20111118,734825,18439
20111121,734828,18110
20111122,734829,18170
20111123,734830,17803
20111124,734831,17868
20111125,734832,17645
20111128,734835,18020
20111129,734836,18206
20111130,734837,18082
20111201,734838,18923
20111202,734839,19194
20111205,734842,19101
20111206,734843,19024
20111207,734844,19189
20111208,734845,19100
20111209,734846,18544
20111212,734849,18489
20111213,734850,18439
20111214,734851,18258
20111215,734852,17960
20111216,734853,18260
20111219,734856,18069
20111220,734857,17979
20111221,734858,18390
20111222,734859,18415
20111223,734860,18590
20111228,734865,18440
20111229,734866,18365
20111230,734867,18456
20120103,734871,18810
20120104,734872,18771
20120105,734873,18808
20120106,734874,18649
20120109,734877,18920
20120110,734878,19007
20120111,734879,19168
20120112,734880,19115
20120113,734881,19274
20120116,734884,19020
20120117,734885,19020
20120118,734886,19598
20120119,734887,19965
20120120,734888,20185
20120126,734894,20414
20120127,734895,20594
20120130,734898,20343
20120131,734899,20357
20120201,734900,20378
20120202,734901,20772
20120203,734902,20755
20120206,734905,20661
20120207,734906,20781
20120208,734907,21123
20120209,734908,20954
20120210,734909,20795
20120213,734912,20898
20120214,734913,20966
20120215,734914,21416
20120216,734915,21222
20120217,734916,21444
20120220,734919,21363
20120221,734920,21428
20120222,734921,21494
20120223,734922,21387
20120224,734923,21416
20120227,734926,21205
20120228,734927,21403
20120229,734928,21650
20120301,734929,21317
20120302,734930,21534
20120305,734933,21155
20120306,734934,20691
20120307,734935,20569
20120308,734936,20837
20120309,734937,21057
20120312,734940,21124
20120313,734941,21281
20120314,734942,21283
20120315,734943,21314
20120316,734944,21340
20120319,734947,20999
20120320,734948,20888
20120321,734949,20909
20120322,734950,20875
20120323,734951,20614
20120326,734954,20729
20120327,734955,21154
20120328,734956,20902
20120329,734957,20615
20120330,734958,20500
20120402,734961,20460
20120403,734962,20778
20120405,734964,20507
20120410,734969,20308
20120411,734970,20086
20120412,734971,20383
20120413,734972,20714
20120416,734975,20579
20120417,734976,20549
20120418,734977,20769
20120419,734978,21019
20120420,734979,20997
20120423,734982,20567
20120424,734983,20626
20120425,734984,20710
20120426,734985,20858
20120427,734986,20845
20120430,734989,20940
20120502,734991,21183
20120503,734992,21091
20120504,734993,20890
20120507,734996,20309
20120508,734997,20271
20120509,734998,20134
20120510,734999,19923
20120511,735000,19744
20120514,735003,19518
20120515,735004,19635
20120516,735005,19162
20120517,735006,19005
20120518,735007,18813
20120521,735010,18809
20120522,735011,18864
20120523,735012,18586
20120524,735013,18513
20120525,735014,18550
20120528,735017,18687
20120529,735018,18963
20120530,735019,18695
20120531,735020,18530
20120601,735021,18420
20120604,735024,17944
20120605,735025,18109
20120606,735026,18495
20120607,735027,18495
20120608,735028,18355
20120611,735031,18965
20120612,735032,18756
20120613,735033,18933
20120614,735034,18933
20120615,735035,19330
20120618,735038,19459
20120619,735039,19364
20120620,735040,19572
20120621,735041,19272
20120622,735042,19027
20120625,735045,18961
20120626,735046,19029
20120627,735047,19160
20120628,735048,19180
20120629,735049,19449
20120703,735053,19755
20120704,735054,19750
20120705,735055,19882
20120706,735056,19821
20120709,735059,19433
20120710,735060,19426
20120711,735061,19395
20120712,735062,19031
20120713,735063,19030
20120716,735066,19087
20120717,735067,19488
20120718,735068,19209
20120719,735069,19566
20120720,735070,19670
20120723,735073,18988
20120724,735074,18850
20120725,735075,18850
20120726,735076,18825
20120727,735077,19245
20120730,735080,19547
20120731,735081,19714
20120801,735082,19792
20120802,735083,19630
20120803,735084,19655
20120806,735087,19959
20120807,735088,20013
20120808,735089,20050
20120809,735090,20192
20120810,735091,20164
20120813,735094,20035
20120814,735095,20251
20120815,735096,20077
20120816,735097,19922
20120817,735098,20115
20120820,735101,20085
20120821,735102,20135
20120822,735103,19858
20120823,735104,20125
20120824,735105,19863
20120827,735108,19833
20120828,735109,19791
20120829,735110,19760
20120830,735111,19558
20120831,735112,19369
20120903,735115,19420
20120904,735116,19319
20120905,735117,19067
20120906,735118,19153
20120907,735119,19868
20120910,735122,19821
20120911,735123,19858
20120912,735124,20057
20120913,735125,20042
20120914,735126,20646
20120917,735129,20714
20120918,735130,20633
20120919,735131,20884
20120920,735132,20635
20120921,735133,20715
20120924,735136,20738
20120925,735137,20742
20120926,735138,20540
20120927,735139,20689
20120928,735140,20875
20121003,735145,20875
20121004,735146,20871
20121005,735147,20971
20121008,735150,20782
20121009,735151,20942
20121010,735152,20914
20121011,735153,20964
20121012,735154,21096
20121015,735157,21106
20121016,735158,21197
20121017,735159,21393
20121018,735160,21545
20121019,735161,21558
20121022,735164,21681
20121024,735166,21760
20121025,735167,21846
20121026,735168,21530
20121029,735171,21525
20121030,735172,21440
20121031,735173,21674
20121101,735174,21858
20121102,735175,22109
20121105,735178,22050
20121106,735179,21955
20121107,735180,22125
20121108,735181,21550
20121109,735182,21314
20121112,735185,21404
20121113,735186,21176
20121114,735187,21420
20121115,735188,21169
20121116,735189,21124
20121119,735192,21240
20121120,735193,21268
20121121,735194,21530
20121122,735195,21741
20121123,735196,21934
20121126,735199,21883
20121127,735200,21822
20121128,735201,21711
20121129,735202,21891
20121130,735203,22023
20121203,735206,21723
20121204,735207,21742
20121205,735208,22340
20121206,735209,22240
20121207,735210,22272
20121210,735213,22257
20121211,735214,22296
20121212,735215,22517
20121213,735216,22454
20121214,735217,22639
20121217,735220,22475
20121218,735221,22507
20121219,735222,22615
20121220,735223,22632
20121221,735224,22465
20121224,735227,22556
20121227,735230,22666
20121228,735231,22659
20121231,735234,22674
20130102,735236,23226
20130103,735237,23449
20130104,735238,23300
20130107,735241,23329
20130108,735242,23152
20130109,735243,23230
20130110,735244,23340
20130111,735245,23305
20130114,735248,23383
20130115,735249,23381
20130116,735250,23360
20130117,735251,23346
20130118,735252,23576
20130121,735255,23591
20130122,735256,23672
20130123,735257,23618
20130124,735258,23607
20130125,735259,23597
20130128,735262,23670
20130129,735263,23668
20130130,735264,23843
20130131,735265,23776
20130201,735266,23756
20130204,735269,23638
20130205,735270,23085
20130206,735271,23246
20130207,735272,23201
20130208,735273,23242
20130214,735279,23413
20130215,735280,23423
20130218,735283,23333
20130219,735284,23161
20130220,735285,23221
20130221,735286,22858
20130222,735287,22754
20130225,735290,22851
20130226,735291,22560
20130227,735292,22566
20130228,735293,22972
20130301,735294,22853
20130304,735297,22468
20130305,735298,22419
20130306,735299,22640
20130307,735300,22686
20130308,735301,23102
20130311,735304,23056
20130312,735305,22792
20130313,735306,22447
20130314,735307,22516
20130315,735308,22337
20130318,735311,22047
20130319,735312,21961
20130320,735313,22255
20130321,735314,22262
20130322,735315,22140
20130325,735318,22261
20130326,735319,22275
20130327,735320,22448
20130328,735321,22316
20130402,735326,22389
20130403,735327,22346
20130405,735329,21656
20130408,735332,21652
20130409,735333,21828
20130410,735334,21827
20130411,735335,22135
20130412,735336,22120
20130415,735339,21770
20130416,735340,21667
20130417,735341,21511
20130418,735342,21525
20130419,735343,22004
20130422,735346,22021
20130423,735347,21793
20130424,735348,22136
20130425,735349,22420
20130426,735350,22557
20130429,735353,22559
20130430,735354,22604
20130502,735356,22594
20130503,735357,22547
20130506,735360,22761
20130507,735361,22911
20130508,735362,23044
20130509,735363,23119
20130510,735364,23198
20130513,735367,22880
20130514,735368,22855
20130515,735369,22928
20130516,735370,22973
20130520,735374,23371
20130521,735375,23289
20130522,735376,23227
20130523,735377,22521
20130524,735378,22583
20130527,735381,22645
20130528,735382,22866
20130529,735383,22527
20130530,735384,22464
20130531,735385,22173
20130603,735388,21992
20130604,735389,21995
20130605,735390,21826
20130606,735391,21570
20130607,735392,21353
20130610,735395,21394
20130611,735396,21163
20130613,735398,20800
20130614,735399,20873
20130617,735402,21131
20130618,735403,21160
20130619,735404,20938
20130620,735405,20285
20130621,735406,20201
20130624,735409,19798
20130625,735410,19824
20130626,735411,20299
20130627,735412,20549
20130628,735413,20729
20130702,735417,20632
20130703,735418,20170
20130704,735419,20411
20130705,735420,20799
20130708,735423,20492
20130709,735424,20756
20130710,735425,20857
20130711,735426,21412
20130712,735427,21209
20130715,735430,21215
20130716,735431,21266
20130717,735432,21325
20130718,735433,21362
20130719,735434,21334
20130722,735437,21397
20130723,735438,21894
20130724,735439,21965
20130725,735440,21899
20130726,735441,21964
20130729,735444,21846
20130730,735445,21932
20130731,735446,21864
20130801,735447,22001
20130802,735448,22148
20130805,735451,22199
20130806,735452,21838
20130807,735453,21541
20130808,735454,21640
20130809,735455,21703
20130812,735458,22191
20130813,735459,22549
20130815,735461,22551
20130816,735462,22488
20130819,735465,22419
20130820,735466,21875
20130821,735467,21746
20130822,735468,21892
20130823,735469,21813
20130826,735472,22010
20130827,735473,21806
20130828,735474,21510
20130829,735475,21619
20130830,735476,21568
20130902,735479,22156
20130903,735480,22315
20130904,735481,22325
20130905,735482,22620
20130906,735483,22692
20130909,735486,22757
20130910,735487,22951
20130911,735488,22969
20130912,735489,22981
20130913,735490,22933
20130916,735493,23326
20130917,735494,23191
20130918,735495,23200
20130919,735496,23559
20130923,735500,23356
20130924,735501,23193
20130925,735502,23166
20130926,735503,23136
20130927,735504,23182
20130930,735507,22883
20131002,735509,22975
20131003,735510,23180
20131004,735511,23099
20131007,735514,22911
20131008,735515,23163
20131009,735516,23027
20131010,735517,22956
20131011,735518,23235
20131015,735522,23342
20131016,735523,23210
20131017,735524,22961
20131018,735525,23308
20131021,735528,23401
20131022,735529,23308
20131023,735530,22990
20131024,735531,22794
20131025,735532,22662
20131028,735535,22781
20131029,735536,22867
20131030,735537,23067
20131031,735538,23242
20131101,735539,23254
20131104,735542,23170
20131105,735543,23009
20131106,735544,23040
20131107,735545,22815
20131108,735546,22744
20131111,735549,23028
20131112,735550,22865
20131113,735551,22509
20131114,735552,22546
20131115,735553,23003
20131118,735556,23669
20131119,735557,23754
20131120,735558,23757
20131121,735559,23590
20131122,735560,23733
20131125,735563,23744
20131126,735564,23729
20131127,735565,23818
20131128,735566,23942
20131129,735567,23921
20131202,735570,24032
20131203,735571,23908
20131204,735572,23730
20131205,735573,23698
20131206,735574,23762
20131209,735577,23769
20131210,735578,23766
20131211,735579,23346
20131212,735580,23186
20131213,735581,23240
20131216,735584,23089
20131217,735585,23062
20131218,735586,23180
20131219,735587,22833
20131220,735588,22832
20131223,735591,22924
20131224,735592,23209
20131227,735595,23278
20131230,735598,23244
20131231,735599,23333
20140102,735601,23334
20140103,735602,22790
20140106,735605,22679
20140107,735606,22612
20140108,735607,22948
20140109,735608,22788
20140110,735609,22863
20140113,735612,22827
20140114,735613,22771
20140115,735614,22910
20140116,735615,22973
20140117,735616,23166
20140120,735619,22869
20140121,735620,23047
20140122,735621,23055
20140123,735622,22721
20140124,735623,22424
20140127,735626,21922
20140128,735627,22009
20140129,735628,22182
20140130,735629,22009
20140204,735634,21447
20140205,735635,21197
20140206,735636,21332
20140207,735637,21527
20140210,735640,21514
20140211,735641,21902
20140212,735642,22258
20140213,735643,22160
20140214,735644,22324
20140217,735647,22529
20140218,735648,22581
20140219,735649,22636
20140220,735650,22374
20140221,735651,22581
20140224,735654,22378
20140225,735655,22342
20140226,735656,22412
20140227,735657,22660
20140228,735658,22807
20140303,735661,22422
20140304,735662,22629
20140305,735663,22532
20140306,735664,22626
20140307,735665,22591
20140310,735668,22185
20140311,735669,22225
20140312,735670,21906
20140313,735671,21751
20140314,735672,21505
20140317,735675,21393
20140318,735676,21555
20140319,735677,21533
20140320,735678,21150
20140321,735679,21434
20140324,735682,21811
20140325,735683,21739
20140326,735684,21875
20140327,735685,21835
20140328,735686,22077
20140331,735689,22140
20140401,735690,22413
20140402,735691,22514
20140403,735692,22554
20140404,735693,22530
20140407,735696,22400
20140408,735697,22630
20140409,735698,22866
20140410,735699,23275
20140411,735700,22995
20140414,735703,23075
20140415,735704,22656
20140416,735705,22696
20140417,735706,22743
20140422,735711,22737
20140423,735712,22468
20140424,735713,22543
20140425,735714,22175
20140428,735717,22157
20140429,735718,22213
20140430,735719,21837
20140502,735721,22024
20140505,735724,21775
20140507,735726,21559
20140508,735727,21627
20140509,735728,21676
20140512,735731,22118
20140513,735732,22199
20140514,735733,22386
20140515,735734,22550
20140516,735735,22575
20140519,735738,22574
20140520,735739,22723
20140521,735740,22794
20140522,735741,22915
20140523,735742,22931
20140526,735745,22948
20140527,735746,22951
20140528,735747,23036
20140529,735748,23133
20140530,735749,22910
20140603,735753,23104
20140604,735754,22992
20140605,735755,22985
20140606,735756,22790
20140609,735759,23008
20140610,735760,23177
20140611,735761,23106
20140612,735762,23143
20140613,735763,23249
20140616,735766,23218
20140617,735767,23156
20140618,735768,23173
20140619,735769,23195
20140620,735770,23171
20140623,735773,22766
20140624,735774,22886
20140625,735775,22898
20140626,735776,23192
20140627,735777,23193
20140630,735780,23104
20140702,735782,23545
20140703,735783,23548
20140704,735784,23547
20140707,735787,23539
20140708,735788,23544
20140709,735789,23159
20140710,735790,23206
20140711,735791,23218
20140714,735794,23366
20140715,735795,23436
20140716,735796,23513
20140717,735797,23493
20140718,735798,23409
20140721,735801,23326
20140722,735802,23789
20140723,735803,23959
20140724,735804,24151
20140725,735805,24235
20140728,735808,24388
20140729,735809,24630
20140730,735810,24824
20140731,735811,24766
20140801,735812,24498
20140804,735815,24515
20140805,735816,24591
20140806,735817,24500
20140807,735818,24370
20140808,735819,24300
20140811,735822,24596
20140812,735823,24633
20140813,735824,24895
20140814,735825,24756
20140815,735826,24904
20140818,735829,24903
20140819,735830,25107
20140820,735831,25113
20140821,735832,24995
20140822,735833,25103
20140825,735836,25179
20140826,735837,25083
20140827,735838,24932
20140828,735839,24894
20140829,735840,24683
20140901,735843,24697
20140902,735844,24692
20140903,735845,25315
20140904,735846,25197
20140905,735847,25161
20140908,735850,25145
20140910,735852,24630
20140911,735853,24648
20140912,735854,24561
20140915,735857,24409
20140916,735858,24183
20140917,735859,24375
20140918,735860,24153
20140919,735861,24292
20140922,735864,23991
20140923,735865,23814
20140924,735866,23878
20140925,735867,23760
20140926,735868,23670
20140929,735871,23228
20140930,735872,22820
20141003,735875,22993
20141006,735878,23252
20141007,735879,23344
20141008,735880,23226
20141009,735881,23490
20141010,735882,23016
20141013,735885,23176
20141014,735886,22960
20141015,735887,23092
20141016,735888,22851
20141017,735889,23040
20141020,735892,23026
20141021,735893,23016
20141022,735894,23353
20141023,735895,23387
20141024,735896,23323
20141027,735899,23218
20141028,735900,23579
20141029,735901,23823
20141030,735902,23705
20141031,735903,23943
20141103,735906,23830
20141104,735907,23811
20141105,735908,23702
20141106,735909,23652
20141107,735910,23504
20141110,735913,23741
20141111,735914,23763
20141112,735915,23912
20141113,735916,23981
20141114,735917,24030
20141117,735920,23771
20141118,735921,23441
20141119,735922,23313
20141120,735923,23284
20141121,735924,23414
20141124,735927,23895
20141125,735928,23907
20141126,735929,24167
20141127,735930,24029
20141128,735931,23980
20141201,735934,23294
20141202,735935,23684
20141203,735936,23433
20141204,735937,23828
20141205,735938,24081
20141208,735941,24027
20141209,735942,23493
20141210,735943,23497
20141211,735944,23363
20141212,735945,23182
20141215,735948,22966
20141216,735949,22603
20141217,735950,22594
20141218,735951,22791
20141219,735952,23159
20141222,735955,23450
20141223,735956,23364
20141224,735957,23400
20141229,735962,23827
20141230,735963,23574
20141231,735964,23649
20150102,735966,23816
20150105,735969,23762
20150106,735970,23440
20150107,735971,23655
20150108,735972,23835
20150109,735973,23929
20150112,735976,24049
20150113,735977,24248
20150114,735978,24136
20150115,735979,24408
20150116,735980,24224
20150119,735983,23771
20150120,735984,23969
20150121,735985,24305
20150122,735986,24580
20150123,735987,24930
20150126,735990,24862
20150127,735991,24778
20150128,735992,24878
20150129,735993,24596
20150130,735994,24535
20150202,735997,24504
20150203,735998,24537
20150204,735999,24656
20150205,736000,24770
20150206,736001,24622
20150209,736004,24513
20150210,736005,24528
20150211,736006,24320
20150212,736007,24450
20150213,736008,24728
20150216,736011,24754
20150217,736012,24830
20150218,736013,24847
20150223,736018,24863
20150224,736019,24782
20150225,736020,24810
20150226,736021,24856
20150227,736022,24794
20150302,736025,24803
20150303,736026,24589
20150304,736027,24347
20150305,736028,24140
20150306,736029,24108
20150309,736032,24070
20150310,736033,23870
20150311,736034,23646
20150312,736035,23755
20150313,736036,23761
20150316,736039,23950
20150317,736040,23868
20150318,736041,24130
20150319,736042,24517
20150320,736043,24411
20150323,736046,24482
20150324,736047,24423
20150325,736048,24571
20150326,736049,24518
20150327,736050,24546
20150330,736053,24867
20150331,736054,24949
20150401,736055,25100
20150402,736056,25216
20150408,736062,26244
20150409,736063,27073
20150410,736064,27300
20150413,736067,28030
20150414,736068,27572
20150415,736069,27619
20150416,736070,27736
20150417,736071,27680
20150420,736074,27139
20150421,736075,27879
20150422,736076,27807
20150423,736077,27799
20150424,736078,28033
20150427,736081,28410
20150428,736082,28433
20150429,736083,28337
20150430,736084,28105
20150504,736088,28156
20150505,736089,27781
20150506,736090,27666
20150507,736091,27202
20150508,736092,27510
20150511,736095,27632
20150512,736096,27329
20150513,736097,27188
20150514,736098,27230
20150515,736099,27864
20150518,736102,27510
20150519,736103,27679
20150520,736104,27466
20150521,736105,27593
20150522,736106,27982
20150526,736110,28296
20150527,736111,28066
20150528,736112,27605
20150529,736113,27164
20150601,736116,27230
20150602,736117,27179
20150603,736118,27369
20150604,736119,27450
20150605,736120,27011
20150608,736123,27035
20150609,736124,26734
20150610,736125,26382
20150611,736126,26749
20150612,736127,27128
20150615,736130,26599
20150616,736131,26278
20150617,736132,26539
20150618,736133,26491
20150619,736134,26640
20150622,736137,26929
20150623,736138,27287
20150624,736139,27278
20150625,736140,27140
20150626,736141,26733
20150629,736144,26002
20150630,736145,26204
20150702,736147,26330
20150703,736148,26011
20150706,736151,25284
20150707,736152,25025
20150708,736153,23176
20150709,736154,24458
20150710,736155,24899
20150713,736158,25174
20150714,736159,25008
20150715,736160,25030
20150716,736161,25067
20150717,736162,25420
20150720,736165,25389
20150721,736166,25516
20150722,736167,25233
20150723,736168,25386
20150724,736169,25161
20150727,736172,24346
20150728,736173,24469
20150729,736174,24609
20150730,736175,24657
20150731,736176,24526
20150803,736179,24278
20150804,736180,24264
20150805,736181,24466
20150806,736182,24310
20150807,736183,24451
20150810,736186,24401
20150811,736187,24390
20150812,736188,23720
20150813,736189,24044
20150814,736190,23952
20150817,736193,23787
20150818,736194,23439
20150819,736195,23074
20150820,736196,22666
20150821,736197,22488
20150824,736200,21128
20150825,736201,21575
20150826,736202,21113
20150827,736203,21795
20150828,736204,21965
20150831,736207,21464
20150901,736208,20879
20150902,736209,20699
20150904,736211,20612
20150907,736214,20427
20150908,736215,21304
20150909,736216,21971
20150910,736217,21474
20150911,736218,21375
20150914,736221,21474
20150915,736222,21333
20150916,736223,21980
20150917,736224,21730
20150918,736225,22084
20150921,736228,21681
20150922,736229,21592
20150923,736230,21313
20150924,736231,21181
20150925,736232,21224
20150929,736236,20477
20150930,736237,20792
20151002,736239,21507
20151005,736242,21846
20151006,736243,21764
20151007,736244,22473
20151008,736245,22419
20151009,736246,22403
20151012,736249,22658
20151013,736250,22511
20151014,736251,22465
20151015,736252,22912
20151016,736253,23100
20151019,736256,23041
20151020,736257,22929
20151022,736259,22844
20151023,736260,23180
20151026,736263,23043
20151027,736264,23070
20151028,736265,22978
20151029,736266,22894
20151030,736267,22684
20151102,736270,22357
20151103,736271,22580
20151104,736272,23114
20151105,736273,22963
20151106,736274,22738
20151109,736277,22608
20151110,736278,22372
20151111,736279,22359
20151112,736280,22905
20151113,736281,22319
20151116,736284,22041
20151117,736285,22270
20151118,736286,22137
20151119,736287,22483
20151120,736288,22761
20151123,736291,22695
20151124,736292,22524
20151125,736293,22494
20151126,736294,22525
20151127,736295,22211
20151130,736298,21909
20151201,736299,22388
20151202,736300,22483
20151203,736301,22417
20151204,736302,22152
20151207,736305,22280
20151208,736306,21824
20151209,736307,21779
20151210,736308,21630
20151211,736309,21387
20151214,736312,21310
20151215,736313,21331
20151216,736314,21737
20151217,736315,21824
20151218,736316,21787
20151221,736319,21784
20151222,736320,21817
20151223,736321,22100
20151224,736322,22143
20151228,736326,21862
20151229,736327,22058
20151230,736328,21918
20151231,736329,21910
20160104,736333,21123
20160105,736334,21140
20160106,736335,20861
20160107,736336,20348
20160108,736337,20399
20160111,736340,19943
20160112,736341,19697
20160113,736342,20059
20160114,736343,19810
20160115,736344,19468
20160118,736347,19271
20160119,736348,19621
20160120,736349,18847
20160121,736350,18751
20160122,736351,19091
20160125,736354,19238
20160126,736355,18901
20160127,736356,19010
20160128,736357,19094
20160129,736358,19723
20160201,736361,19469
20160202,736362,19442
20160203,736363,18978
20160204,736364,19156
20160205,736365,19313
20160211,736371,18378
20160212,736372,18372
20160215,736375,18835
20160216,736376,19141
20160217,736377,18916
20160218,736378,19294
20160219,736379,19332
20160222,736382,19476
20160223,736383,19416
20160224,736384,19152
20160225,736385,18912
20160226,736386,19225
20160229,736389,19057
20160301,736390,19324
20160302,736391,19890
20160303,736392,19861
20160304,736393,20100
20160307,736396,20142
20160308,736397,19950
20160309,736398,19990
20160310,736399,20005
20160311,736400,20237
20160314,736403,20417
20160315,736404,20298
20160316,736405,20306
20160317,736406,20474
20160318,736407,20595
20160321,736410,20675
20160322,736411,20607
20160323,736412,20645
20160324,736413,20319
20160329,736418,20349
20160330,736419,20683
20160331,736420,20807
20160401,736421,20467
20160405,736425,20130
20160406,736426,20147
20160407,736427,20248
20160408,736428,20389
20160411,736431,20540
20160412,736432,20470
20160413,736433,21216
20160414,736434,21343
20160415,736435,21342
20160418,736438,21167
20160419,736439,21433
20160420,736440,21271
20160421,736441,21594
20160422,736442,21481
20160425,736445,21291
20160426,736446,21391
20160427,736447,21290
20160428,736448,21470
20160429,736449,20854
20160503,736453,20544
20160504,736454,20300
20160505,736455,20284
20160506,736456,19975
20160509,736459,20049
20160510,736460,20130
20160511,736461,19898
20160512,736462,19803
20160513,736463,19604
20160516,736466,19816
20160517,736467,19946
20160518,736468,19686
20160519,736469,19606
20160520,736470,19855
20160523,736473,19833
20160524,736474,19862
20160525,736475,20360
20160526,736476,20381
20160527,736477,20577
20160530,736480,20666
20160531,736481,20474
20160601,736482,20532
20160602,736483,20611
20160603,736484,20711
20160606,736487,20776
20160607,736488,21103
20160608,736489,21114
20160610,736491,20808
20160613,736494,20378
20160614,736495,20180
20160615,736496,20269
20160616,736497,19871
20160617,736498,19977
20160620,736501,20336
20160621,736502,20475
20160622,736503,20743
20160623,736504,20893
20160624,736505,20156
20160627,736508,20115
20160628,736509,20153
20160629,736510,20349
20160630,736511,20947
20160704,736515,21038
20160705,736516,20725
20160706,736517,20510
20160707,736518,20706
20160708,736519,20559
20160711,736522,20875
20160712,736523,21277
20160713,736524,21316
20160714,736525,21586
20160715,736526,21731
20160718,736529,21760
20160719,736530,21670
20160720,736531,21890
20160721,736532,22003
20160722,736533,21992
20160725,736536,22050
20160726,736537,22108
20160727,736538,22168
20160728,736539,22143
20160729,736540,21774
20160801,736543,22120
20160803,736545,21679
20160804,736546,21812
20160805,736547,22123
20160808,736550,22448
20160809,736551,22429
20160810,736552,22420
20160811,736553,22560
20160812,736554,22757
20160815,736557,22927
20160816,736558,22919
20160817,736559,22739
20160818,736560,23055
20160819,736561,22912
20160822,736564,22963
20160823,736565,23041
20160824,736566,22818
20160825,736567,22790
20160826,736568,22914
20160829,736571,22824
20160830,736572,23003
20160831,736573,22929
20160901,736574,23177
20160902,736575,23210
20160905,736578,23598
20160906,736579,23714
20160907,736580,23659
20160908,736581,23884
20160909,736582,24084
20160912,736585,23290
20160913,736586,23247
20160914,736587,23252
20160915,736588,23349
20160919,736592,23531
20160920,736593,23509
20160921,736594,23657
20160922,736595,23800
20160923,736596,23680
20160926,736599,23315
20160927,736600,23622
20160928,736601,23641
20160929,736602,23702
20160930,736603,23313