Date,Ntime,close price
20100930,734411,6018.5
20101001,734412,6180
20101004,734415,6178
20101005,734416,6173.5
20101006,734417,6214
20101007,734418,6142.5
20101008,734419,6136.25
20101011,734422,6151.5
20101012,734423,6109.5
20101013,734424,6273.25
20101014,734425,6189.25
20101015,734426,6081.25
20101018,734429,6133.5
20101019,734430,6014.75
20101020,734431,6007
20101021,734432,6122.75
20101022,734433,6086
20101025,734436,6131.75
20101026,734437,6129.75
20101027,734438,6062.75
20101028,734439,6062.75
20101029,734440,6032.25
20101101,734443,6151.75
20101102,734444,6149
20101103,734445,6205
20101104,734446,6314.5
20101105,734447,6325.05
20101108,734450,6299.25
20101109,734451,6354.5
20101110,734452,6305.75
20101111,734453,6233.5
20101112,734454,6078.25
20101115,734457,6128.5
20101116,734458,5978.75
20101118,734460,6030.75
20101119,734461,5884.25
20101122,734464,5998.25
20101123,734465,5931.25
20101124,734466,5857.25
20101125,734467,5851.25
20101126,734468,5759.25
20101129,734471,5847.75
20101130,734472,5878.5
20101201,734473,5976.25
20101202,734474,6023
20101203,734475,6014.25
20101206,734478,5982.75
20101207,734479,6016.5
20101208,734480,5917.75
20101209,734481,5784.25
20101210,734482,5873
20101213,734485,5927.25
20101214,734486,5955.25
20101215,734487,5894.5
20101216,734488,5953.5
20101220,734492,5949
20101221,734493,6008.5
20101222,734494,5997.5
20101223,734495,5998
20101224,734496,6041
20101227,734499,6004.75
20101228,734500,6005.5
20101229,734501,6117.75
20101230,734502,6130.25
20101231,734503,6165
20110103,734506,6188.25
20110104,734507,6149.25
20110105,734508,6097.5
20110106,734509,6072.75
20110107,734510,5895.25
20110110,734513,5750
20110111,734514,5798.75
20110112,734515,5876.75
20110113,734516,5758.5
20110114,734517,5653.75
20110117,734520,5662.75
20110118,734521,5729.25
20110119,734522,5701.5
20110120,734523,5707.75
20110121,734524,5703.5
20110124,734527,5739.25
20110125,734528,5682.25
20110127,734530,5619.75
20110128,734531,5538
20110131,734534,5525
20110201,734535,5421
20110202,734536,5426.75
20110203,734537,5533.25
20110204,734538,5378
20110207,734541,5399.5
20110208,734542,5309.25
20110209,734543,5276
20110210,734544,5216.75
20110211,734545,5315.75
20110214,734548,5444
20110215,734549,5479.75
20110216,734550,5493.75
20110217,734551,5553.25
20110218,734552,5463.25
20110221,734555,5516.5
20110222,734556,5465.5
20110223,734557,5441
20110224,734558,5279.75
20110225,734559,5321
20110228,734562,5342
20110301,734563,5549.75
20110303,734565,5546.5
20110304,734566,5544
20110307,734569,5488
20110308,734570,5537.75
20110309,734571,5526.25
20110310,734572,5507.25
20110311,734573,5460
20110314,734576,5554.75
20110315,734577,5447.5
20110316,734578,5534.75
20110317,734579,5473.5
20110318,734580,5377.5
20110321,734583,5391
20110322,734584,5437.75
20110323,734585,5502.25
20110324,734586,5555.5
20110325,734587,5678.75
20110328,734590,5732.5
20110329,734591,5782.25
20110330,734592,5857.75
20110331,734593,5872
20110401,734594,5867.5
20110404,734597,5944.5
20110405,734598,5928.75
20110406,734599,5904.75
20110407,734600,5897.5
20110408,734601,5859.75
20110411,734604,5793.5
20110413,734606,5948.25
20110415,734608,5830.75
20110418,734611,5732.25
20110419,734612,5751.5
20110420,734613,5873.75
20110421,734614,5909.75
20110425,734618,5872.75
20110426,734619,5867.25
20110427,734620,5832.75
20110428,734621,5808.5
20110429,734622,5743
20110502,734625,5713.5
20110503,734626,5557.5
20110504,734627,5534.75
20110505,734628,5434.5
20110506,734629,5551
20110509,734632,5550.5
20110510,734633,5539.25
20110511,734634,5550.75
20110512,734635,5470.75
20110513,734636,5576
20110516,734639,5479
20110517,734640,5450.25
20110518,734641,5426.25
20110519,734642,5432.75
20110520,734643,5477.5
20110523,734646,5379.25
20110524,734647,5387.5
20110525,734648,5346.75
20110526,734649,5390.25
20110527,734650,5470.25
20110530,734653,5462.5
20110531,734654,5554.5
20110601,734655,5594.5
20110602,734656,5559.5
20110603,734657,5533
20110606,734660,5536
20110607,734661,5561.25
20110608,734662,5525
20110609,734663,5520.5
20110610,734664,5486.25
20110613,734667,5492.75
20110614,734668,5518
20110615,734669,5450.25
20110616,734670,5396.25
20110617,734671,5364.75
20110620,734674,5258.75
20110621,734675,5273.75
20110622,734676,5285.25
20110623,734677,5319.25
20110624,734678,5482.25
20110627,734681,5553.5
20110628,734682,5568.25
20110629,734683,5639.5
20110630,734684,5651.25
20110701,734685,5629.75
20110704,734688,5664.5
20110705,734689,5654.75
20110706,734690,5635.75
20110707,734691,5751.25
20110708,734692,5657.5
20110711,734695,5618.5
20110712,734696,5525.5
20110713,734697,5607
20110714,734698,5583.25
20110715,734699,5588
20110718,734702,5566.5
20110719,734703,5623
20110720,734704,5570.5
20110721,734705,5547.5
20110722,734706,5643.25
20110725,734709,5710.25
20110726,734710,5574.75
20110727,734711,5554.25
20110728,734712,5496.25
20110729,734713,5484
20110801,734716,5528.75
20110802,734717,5462.5
20110803,734718,5422.75
20110804,734719,5336
20110805,734720,5209.5
20110808,734723,5128.75
20110809,734724,5088.25
20110810,734725,5141
20110811,734726,5119.75
20110812,734727,5081.25
20110816,734731,5040.5
20110817,734732,5071.5
20110818,734733,4925.5
20110819,734734,4842.5
20110822,734737,4925.75
20110823,734738,4956.75
20110824,734739,4879
20110825,734740,4863.75
20110826,734741,4743.25
20110829,734744,4945
20110830,734745,5009.5
20110902,734748,5042.75
20110905,734751,5008.75
20110906,734752,5059
20110907,734753,5112.5
20110908,734754,5161
20110909,734755,5034.25
20110912,734758,4947.25
20110913,734759,4940.75
20110914,734760,5029.75
20110915,734761,5095.75
20110916,734762,5081.75
20110919,734765,5041.5
20110920,734766,5166.5
20110921,734767,5136
20110922,734768,4900.75
20110923,734769,4853.25
20110926,734772,4858.75
20110927,734773,4999
20110928,734774,4936.5
20110929,734775,5035
20110930,734776,4921.5
20111003,734779,4861.25
20111004,734780,4771.25
20111005,734781,4764.75
20111007,734783,4886.25
20111010,734786,4993.75
20111011,734787,4981
20111012,734788,5112.75
20111013,734789,5063.25
20111014,734790,5133
20111017,734793,5122.25
20111018,734794,5048.25
20111019,734795,5149
20111020,734796,5106.5
20111021,734797,5062.5
20111024,734800,5122.5
20111025,734801,5247.75
20111026,734802,5283.75
20111028,734804,5382.75
20111031,734807,5347.5
20111101,734808,5275
20111102,734809,5300.25
20111103,734810,5299.25
20111104,734811,5316
20111108,734815,5306.75
20111109,734816,5227
20111111,734818,5195
20111114,734821,5143.75
20111115,734822,5053.5
20111116,734823,5076.75
20111117,734824,4918.25
20111118,734825,4920.75
20111121,734828,4787
20111122,734829,4818
20111123,734830,4713
20111124,734831,4776.25
20111125,734832,4703.5
20111128,734835,4874.25
20111129,734836,4804.25
20111130,734837,4836.25
20111201,734838,4962.75
20111202,734839,5086.75
20111205,734842,5068.25
20111207,734844,5063.75
20111208,734845,4947.5
20111209,734846,4871
20111212,734849,4756.25
20111213,734850,4830.5
20111214,734851,4758.75
20111215,734852,4759.75
20111216,734853,4617.75
20111219,734856,4606.75
20111220,734857,4555.75
20111221,734858,4716.75
20111222,734859,4745.75
20111223,734860,4718.5
20111226,734863,4718.5
20111227,734864,4772.5
20111228,734865,4717.25
20111229,734866,4671.75
20111230,734867,4616.25
20120102,734870,4641
20120103,734871,4772.25
20120104,734872,4750.5
20120105,734873,4743.25
20120106,734874,4775.25
20120107,734875,4760
20120109,734877,4748.75
20120110,734878,4867
20120111,734879,4870.25
20120112,734880,4863.75
20120113,734881,4885.5
20120116,734884,4888.75
20120117,734885,4977.5
20120118,734886,4950.75
20120119,734887,5025.25
20120120,734888,5055.5
20120123,734891,5076
20120124,734892,5132.5
20120125,734893,5178
20120127,734895,5214.25
20120130,734898,5099
20120131,734899,5225.25
20120201,734900,5264.75
20120202,734901,5274
20120203,734902,5340
20120206,734905,5360.5
20120207,734906,5361.25
20120208,734907,5389.5
20120209,734908,5438.75
20120210,734909,5377
20120213,734912,5415.25
20120214,734913,5454
20120215,734914,5554
20120216,734915,5531
20120217,734916,5594.5
20120221,734920,5652.25
20120222,734921,5562.25
20120223,734922,5529.5
20120224,734923,5485
20120227,734926,5317
20120228,734927,5442.25
20120229,734928,5433
20120301,734929,5382.5
20120302,734930,5396
20120303,734931,5396.5
20120305,734933,5321.25
20120306,734934,5227
20120307,734935,5259.25
20120309,734937,5370.5
20120312,734940,5379.75
20120313,734941,5469.5
20120314,734942,5510.25
20120315,734943,5408.5
20120316,734944,5333.5
20120319,734947,5273.25
20120320,734948,5286.5
20120321,734949,5402.75
20120322,734950,5236.25
20120323,734951,5291
20120326,734954,5238
20120327,734955,5300.75
20120328,734956,5255.25
20120329,734957,5231.5
20120330,734958,5328.75
20120402,734961,5359.5
20120403,734962,5382
20120404,734963,5340.5
20120409,734968,5245.5
20120410,734969,5257.75
20120411,734970,5259
20120412,734971,5281.75
20120413,734972,5216
20120416,734975,5259.75
20120417,734976,5322
20120418,734977,5312.25
20120419,734978,5367.75
20120420,734979,5302
20120423,734982,5198.6
20120424,734983,5224.35
20120425,734984,5198.6
20120426,734985,5189
20120427,734986,5210.8
20120428,734987,5232.2
20120430,734989,5267.85
20120502,734991,5246.95
20120503,734992,5199.8
20120504,734993,5097.95
20120507,734996,5125.95
20120508,734997,5005.6
20120509,734998,4983.95
20120510,734999,4966.8
20120511,735000,4931.35
20120514,735003,4888.25
20120515,735004,4942.25
20120516,735005,4856.9
20120517,735006,4852.3
20120518,735007,4888.95
20120521,735010,4893.9
20120522,735011,4841.2
20120523,735012,4814.55
20120524,735013,4913.1
20120525,735014,4918.85
20120528,735017,4975.4
20120529,735018,4981.65
20120530,735019,4933.05
20120531,735020,4924.25
20120601,735021,4824.55
20120604,735024,4840.5
20120605,735025,4846.3
20120606,735026,4978.6
20120607,735027,5029.35
20120608,735028,5059.4
20120611,735031,5052.6
20120612,735032,5126.45
20120613,735033,5123
20120614,735034,5054.1
20120615,735035,5147.7
20120618,735038,5058.8
20120619,735039,5110.6
20120620,735040,5122.45
20120621,735041,5173.85
20120622,735042,5151.15
20120625,735045,5109.3
20120626,735046,5125.7
20120627,735047,5139.65
20120628,735048,5149.15
20120629,735049,5297.35
20120702,735052,5295.6
20120703,735053,5305.75
20120704,735054,5322.65
20120705,735055,5344.5
20120706,735056,5327.2
20120709,735059,5279.4
20120710,735060,5358.15
20120711,735061,5322.9
20120712,735062,5251.4
20120713,735063,5240.45
20120716,735066,5206.85
20120717,735067,5198.65
20120718,735068,5223.55
20120719,735069,5257
20120720,735070,5216.6
20120723,735073,5120.4
20120724,735074,5135.35
20120725,735075,5112.55
20120726,735076,5043
20120727,735077,5123.55
20120730,735080,5216.7
20120731,735081,5240.55
20120801,735082,5256.3
20120802,735083,5246.7
20120803,735084,5241.05
20120806,735087,5296.85
20120807,735088,5347.7
20120808,735089,5354.75
20120809,735090,5350.05
20120810,735091,5345.1
20120813,735094,5371.9
20120814,735095,5406.85
20120816,735097,5382
20120817,735098,5382.35
20120821,735102,5441.9
20120822,735103,5431.1
20120823,735104,5427.15
20120824,735105,5402.7
20120827,735108,5362.4
20120828,735109,5346.05
20120829,735110,5296.6
20120830,735111,5315.05
20120831,735112,5291.65
20120903,735115,5282.9
20120904,735116,5299.4
20120905,735117,5253.35
20120906,735118,5261.1
20120907,735119,5359.1
20120908,735120,5380.2
20120910,735122,5371.65
20120911,735123,5405.35
20120912,735124,5446.95
20120913,735125,5450.7
20120914,735126,5584.9
20120917,735129,5616.7
20120918,735130,5612.25
20120920,735132,5571
20120921,735133,5707.05
20120924,735136,5681.65
20120925,735137,5683
20120926,735138,5669.85
20120927,735139,5649.5
20120928,735140,5729.55
20121001,735143,5754.15
20121003,735145,5768.25
20121004,735146,5825.7
20121005,735147,5776.55
20121008,735150,5701
20121009,735151,5723.9
20121010,735152,5672.45
20121011,735153,5739.35
20121012,735154,5686.55
20121015,735157,5702.75
20121016,735158,5651.55
20121017,735159,5669.5
20121018,735160,5736.45
20121019,735161,5688.3
20121022,735164,5724.75
20121023,735165,5695.5
20121025,735167,5705.3
20121026,735168,5699.3
20121029,735171,5702.1
20121030,735172,5628
20121031,735173,5646.1
20121101,735174,5676
20121102,735175,5739.55
20121105,735178,5739.65
20121106,735179,5766.65
20121107,735180,5793.25
20121108,735181,5765.2
20121109,735182,5720.6
20121112,735185,5711.1
20121113,735186,5680.7
20121115,735188,5649.15
20121116,735189,5580.55
20121119,735192,5589.65
20121120,735193,5583.85
20121121,735194,5622.1
20121122,735195,5640.45
20121123,735196,5633.35
20121126,735199,5642.75
20121127,735200,5732.05
20121129,735202,5825
20121130,735203,5909.05
20121203,735206,5911.6
20121204,735207,5923.65
20121205,735208,5940.45
20121206,735209,5970.65
20121207,735210,5944.9
20121210,735213,5942.45
20121211,735214,5928.4
20121212,735215,5928.25
20121213,735216,5876.45
20121214,735217,5914.9
20121217,735220,5889.35
20121218,735221,5928.9
20121219,735222,5946.9
20121220,735223,5931.15
20121221,735224,5853.4
20121224,735227,5865.55
20121226,735229,5913.75
20121227,735230,5870.1
20121228,735231,5954.55
20121231,735234,5951.75
20130101,735235,6007.5
20130102,735236,6035.65
20130103,735237,6039.55
20130104,735238,6048
20130107,735241,6023.7
20130108,735242,6043.3
20130109,735243,5998.75
20130110,735244,6003.6
20130111,735245,5977.3
20130114,735248,6057.5
20130115,735249,6081.3
20130116,735250,6019.25
20130117,735251,6054.45
20130118,735252,6074.85
20130121,735255,6096.45
20130122,735256,6061.55
20130123,735257,6069.15
20130124,735258,6019.75
20130125,735259,6073.7
20130128,735262,6077.2
20130129,735263,6049.4
20130130,735264,6060.3
20130131,735265,6034.75
20130201,735266,6036.1
20130204,735269,5996.3
20130205,735270,5974.45
20130206,735271,5972.9
20130207,735272,5961.1
20130208,735273,5921.8
20130211,735276,5921.35
20130212,735277,5941.4
20130213,735278,5936.55
20130214,735279,5900.2
20130215,735280,5892.65
20130218,735283,5904.6
20130219,735284,5953.4
20130220,735285,5963.85
20130221,735286,5853.45
20130222,735287,5853.95
20130225,735290,5857.8
20130226,735291,5767
20130227,735292,5797.9
20130228,735293,5693.05
20130301,735294,5729.95
20130304,735297,5716.85
20130305,735298,5802.8
20130306,735299,5841.35
20130307,735300,5889.4
20130308,735301,5968.3
20130311,735304,5957.4
20130312,735305,5937.25
20130313,735306,5867.75
20130314,735307,5939.75
20130315,735308,5897.1
20130318,735311,5851.4
20130319,735312,5751.9
20130320,735313,5715.5
20130321,735314,5664.45
20130322,735315,5668.4
20130325,735318,5645.05
20130326,735319,5640.35
20130328,735321,5682.55
20130401,735325,5726.55
20130402,735326,5766.6
20130403,735327,5688.1
20130404,735328,5593.2
20130405,735329,5572.05
20130408,735332,5559
20130409,735333,5500.85
20130410,735334,5563.85
20130411,735335,5594.8
20130412,735336,5535.2
20130415,735339,5568.05
20130416,735340,5696.35
20130417,735341,5694.2
20130418,735342,5783
20130422,735346,5832.85
20130423,735347,5843
20130425,735349,5916.3
20130426,735350,5887.75
20130429,735353,5918.2
20130430,735354,5929
20130502,735356,6007.4
20130503,735357,5948.25
20130506,735360,5971.3
20130507,735361,6050.3
20130508,735362,6075.2
20130509,735363,6048.95
20130510,735364,6108.35
20130511,735365,6118.7
20130513,735367,5994.45
20130514,735368,6006
20130515,735369,6161.5
20130516,735370,6178.05
20130517,735371,6196.1
20130520,735374,6164.85
20130521,735375,6116.9
20130522,735376,6104.05
20130523,735377,5966.1
20130524,735378,5985.4
20130527,735381,6083.45
20130528,735382,6109.4
20130529,735383,6090.25
20130530,735384,6124.05
20130531,735385,6000.05
20130603,735388,5959.2
20130604,735389,5932.35
20130605,735390,5938.3
20130606,735391,5936.85
20130607,735392,5895.2
20130610,735395,5893.35
20130611,735396,5801.65
20130612,735397,5771.9
20130613,735398,5705.45
20130614,735399,5805.95
20130617,735402,5847.75
20130618,735403,5812
20130619,735404,5822.7
20130620,735405,5648.45
20130621,735406,5661.85
20130624,735409,5588.3
20130625,735410,5608.3
20130626,735411,5581.1
20130627,735412,5682.35
20130628,735413,5841.45
20130701,735416,5892.2
20130702,735417,5859.05
20130703,735418,5767.85
20130704,735419,5840.1
20130705,735420,5874.95
20130708,735423,5829.25
20130709,735424,5868.35
20130710,735425,5822.05
20130711,735426,5941.35
20130712,735427,6007.25
20130715,735430,6032.6
20130716,735431,5969.7
20130717,735432,5970.85
20130718,735433,6052.4
20130719,735434,6042.55
20130722,735437,6043.55
20130723,735438,6087
20130724,735439,6002.7
20130725,735440,5907.5
20130726,735441,5925.25
20130729,735444,5877.35
20130730,735445,5797.55
20130731,735446,5781.05
20130801,735447,5762.05
20130802,735448,5705.55
20130805,735451,5723.6
20130806,735452,5573.35
20130807,735453,5554.15
20130808,735454,5589.7
20130812,735458,5621.75
20130813,735459,5711.35
20130814,735460,5748.3
20130816,735462,5505
20130819,735465,5416.75
20130820,735466,5398.25
20130821,735467,5291.6
20130822,735468,5414.3
20130823,735469,5460.7
20130826,735472,5467.1
20130827,735473,5284.8
20130828,735474,5288.95
20130829,735475,5409.05
20130830,735476,5456.75
20130902,735479,5554.6
20130903,735480,5344.55
20130904,735481,5458.05
20130905,735482,5607.15
20130906,735483,5697.8
20130910,735487,5907.15
20130911,735488,5939.65
20130912,735489,5860.45
20130913,735490,5875.9
20130916,735493,5862.25
20130917,735494,5880.5
20130918,735495,5931.45
20130919,735496,6145.75
20130920,735497,6037.5
20130923,735500,5914.4
20130924,735501,5914.35
20130925,735502,5889
20130926,735503,5882.25
20130927,735504,5888.15
20130930,735507,5791.45
20131001,735508,5828.45
20131003,735510,5966.8
20131004,735511,5950.9
20131007,735514,5943.2
20131008,735515,5959.45
20131009,735516,6048.5
20131010,735517,6059.8
20131011,735518,6130.5
20131014,735521,6143.35
20131015,735522,6110.65
20131017,735524,6071
20131018,735525,6210.45
20131021,735528,6226.15
20131022,735529,6222.65
20131023,735530,6190.3
20131024,735531,6173.8
20131025,735532,6151.55
20131028,735535,6105.3
20131029,735536,6228.95
20131030,735537,6250.9
20131031,735538,6299.15
20131101,735539,6358.7
20131103,735541,6353.05
20131105,735543,6298.8
20131106,735544,6259.15
20131107,735545,6227.3
20131108,735546,6186.6
20131111,735549,6126.85
20131112,735550,6071.55
20131113,735551,6033
20131114,735552,6088.95
20131118,735556,6217.05
20131119,735557,6230.5
20131120,735558,6149.05
20131121,735559,6018.5
20131122,735560,6015.25
20131125,735563,6133.9
20131126,735564,6071.95
20131127,735565,6069.7
20131128,735566,6091.85
20131129,735567,6225.5
20131202,735570,6263.75
20131203,735571,6248.4
20131204,735572,6199.15
20131205,735573,6279.95
20131206,735574,6303.75
20131209,735577,6391.75
20131210,735578,6369.5
20131211,735579,6343.45
20131212,735580,6264.95
20131213,735581,6197.75
20131216,735584,6179.7
20131217,735585,6160.85
20131218,735586,6249.65
20131219,735587,6177.8
20131220,735588,6292.35
20131223,735591,6302.35
20131224,735592,6281.7
20131226,735594,6278.9
20131227,735595,6372.05
20131230,735598,6334.7
20131231,735599,6354.7
20140101,735600,6358.15
20140102,735601,6257.75
20140103,735602,6251.75
20140106,735605,6229.2
20140107,735606,6195.85
20140108,735607,6197.5
20140109,735608,6184.45
20140110,735609,6178.25
20140113,735612,6285.3
20140114,735613,6256.5
20140115,735614,6331.1
20140116,735615,6329.85
20140117,735616,6261.65
20140120,735619,6320.15
20140121,735620,6326.4
20140122,735621,6353
20140123,735622,6357.8
20140124,735623,6276.15
20140127,735626,6148.05
20140128,735627,6139.4
20140129,735628,6120.8
20140130,735629,6073.7
20140131,735630,6112
20140203,735633,6039.7
20140204,735634,6037.85
20140205,735635,6048.95
20140206,735636,6048.3
20140207,735637,6075.05
20140210,735640,6064.6
20140211,735641,6072.75
20140212,735642,6099.75
20140213,735643,6005.45
20140214,735644,6058
20140217,735647,6091.2
20140218,735648,6138.8
20140219,735649,6159.05
20140220,735650,6107.95
20140221,735651,6163.95
20140224,735654,6193.2
20140225,735655,6209.05
20140226,735656,6238.8
20140228,735658,6289.25
20140303,735661,6239.45
20140304,735662,6333.85
20140305,735663,6352.3
20140306,735664,6430.1
20140307,735665,6549.7
20140310,735668,6567.55
20140311,735669,6545.3
20140312,735670,6549.25
20140313,735671,6519.6
20140314,735672,6538.85
20140318,735676,6547.5
20140319,735677,6550.2
20140320,735678,6502.55
20140321,735679,6510.7
20140322,735680,6512.15
20140324,735682,6598.85
20140325,735683,6605.95
20140326,735684,6612.55
20140327,735685,6641.75
20140328,735686,6728.65
20140331,735689,6739.65
20140401,735690,6756.25
20140402,735691,6790.2
20140403,735692,6768.45
20140404,735693,6744.2
20140407,735696,6736.7
20140409,735698,6835.5
20140410,735699,6825.05
20140411,735700,6803.55
20140415,735704,6753.95
20140416,735705,6697.3
20140417,735706,6799.95
20140421,735710,6838.15
20140422,735711,6829.6
20140423,735712,6840.8
20140425,735714,6826.3
20140428,735717,6820
20140429,735718,6760.3
20140430,735719,6726.45
20140502,735721,6726.7
20140505,735724,6735.5
20140506,735725,6746.7
20140507,735726,6681.65
20140508,735727,6680.95
20140509,735728,6887.4
20140512,735731,7043.05
20140513,735732,7135.3
20140514,735733,7141.05
20140515,735734,7143.1
20140516,735735,7244.4
20140519,735738,7279.9
20140520,735739,7300.6
20140521,735740,7280
20140522,735741,7293.7
20140523,735742,7382.1
20140526,735745,7361.8
20140527,735746,7320.1
20140528,735747,7332.1
20140529,735748,7235.65
20140530,735749,7233.65
20140602,735752,7370.95
20140603,735753,7421.4
20140604,735754,7416.4
20140605,735755,7486.75
20140606,735756,7590.75
20140609,735759,7669.75
20140610,735760,7668.3
20140611,735761,7637.15
20140612,735762,7664.65
20140613,735763,7560
20140616,735766,7559.2
20140617,735767,7657.4
20140618,735768,7569.4
20140619,735769,7560.1
20140620,735770,7525.35
20140623,735773,7505.75
20140624,735774,7595.55
20140625,735775,7574.9
20140626,735776,7493.2
20140627,735777,7543.9
20140630,735780,7634.35
20140701,735781,7662.65
20140702,735782,7749.85
20140703,735783,7736.05
20140704,735784,7782.5
20140707,735787,7798.6
20140708,735788,7648.75
20140709,735789,7598.65
20140710,735790,7576.65
20140711,735791,7480.15
20140714,735794,7475.8
20140715,735795,7538.6
20140716,735796,7643.05
20140717,735797,7658.75
20140718,735798,7669.35
20140721,735801,7686.2
20140722,735802,7767.95
20140723,735803,7791.55
20140724,735804,7833.75
20140725,735805,7785.7
20140728,735808,7743.25
20140730,735810,7788.3
20140731,735811,7721.3
20140801,735812,7622.6
20140804,735815,7718.2
20140805,735816,7772.85
20140806,735817,7691.45
20140807,735818,7669.65
20140808,735819,7591.65
20140811,735822,7641.4
20140812,735823,7748.25
20140813,735824,7746.35
20140814,735825,7803.7
20140818,735829,7877.7
20140819,735830,7909.65
20140820,735831,7890.7
20140821,735832,7903.15
20140822,735833,7927.55
20140825,735836,7915.45
20140826,735837,7906.5
20140827,735838,7931.6
20140828,735839,7954.35
20140901,735843,8069.45
20140902,735844,8121.45
20140903,735845,8140.45
20140904,735846,8132.4
20140905,735847,8116.7
20140908,735850,8193.1
20140909,735851,8182.2
20140910,735852,8130.7
20140911,735853,8119.4
20140912,735854,8137.85
20140915,735857,8062.55
20140916,735858,7960.85
20140917,735859,7992.85
20140918,735860,8136.7
20140919,735861,8131
20140922,735864,8158.45
20140923,735865,8032.2
20140924,735866,8015.2
20140925,735867,7911.85
20140926,735868,8031.9
20140929,735871,7993.9
20140930,735872,7999.15
20141001,735873,7983.65
20141007,735879,7890.9
20141008,735880,7895.5
20141009,735881,7990.35
20141010,735882,7886.8
20141013,735885,7911.4
20141014,735886,7895.25
20141016,735888,7778.1
20141017,735889,7817.05
20141020,735892,7897.25
20141021,735893,7946.4
20141022,735894,8013.8
20141023,735895,8023.85
20141027,735899,7998
20141028,735900,8040.35
20141029,735901,8089.15
20141030,735902,8169.2
20141031,735903,8352.7
20141103,735906,8361.05
20141105,735908,8380.15
20141107,735910,8381.65
20141110,735913,8379.5
20141111,735914,8395.85
20141112,735915,8418.8
20141113,735916,8380.1
20141114,735917,8416.65
20141117,735920,8452.95
20141118,735921,8451.9
20141119,735922,8409.55
20141120,735923,8420.35
20141121,735924,8492.4
20141124,735927,8535.5
20141125,735928,8466.5
20141126,735929,8479.4
20141127,735930,8494.2
20141128,735931,8638.35
20141201,735934,8595.9
20141202,735935,8575.35
20141203,735936,8578.75
20141204,735937,8605.75
20141205,735938,8582.55
20141208,735941,8489.75
20141209,735942,8393.45
20141210,735943,8406.8
20141211,735944,8342.1
20141212,735945,8276.9
20141215,735948,8267.2
20141216,735949,8116
20141217,735950,8060.85
20141218,735951,8180.8
20141219,735952,8239.85
20141222,735955,8334.2
20141223,735956,8271.55
20141224,735957,8174.1
20141226,735959,8273.75
20141229,735962,8316.45
20141230,735963,8317.95
20141231,735964,8337.85
20150101,735965,8343.8
20150102,735966,8458.4
20150105,735969,8422.85
20150106,735970,8157.9
20150107,735971,8141.85
20150108,735972,8257.25
20150109,735973,8315.5
20150112,735976,8360.55
20150113,735977,8316.5
20150114,735978,8307.35
20150115,735979,8515.05
20150116,735980,8535.05
20150119,735983,8574.1
20150120,735984,8717.15
20150121,735985,8738.5
20150122,735986,8779.15
20150123,735987,8844.4
20150127,735991,8922.65
20150128,735992,8904.65
20150129,735993,8952.35
20150130,735994,8872.65
20150202,735997,8859.65
20150203,735998,8809.9
20150204,735999,8776.35
20150205,736000,8751.3
20150206,736001,8711.9
20150209,736004,8562.9
20150210,736005,8611.4
20150211,736006,8670.9
20150212,736007,8752.2
20150213,736008,8841.55
20150216,736011,8845.05
20150218,736013,8891.3
20150219,736014,8916.15
20150220,736015,8849.45
20150223,736018,8753.45
20150224,736019,8773.3
20150225,736020,8767.15
20150226,736021,8683.85
20150227,736022,8889.95
20150228,736023,8964.65
20150302,736025,9000.7
20150303,736026,9054.85
20150304,736027,8956.35
20150305,736028,8988.75
20150309,736032,8784.85
20150310,736033,8760.3
20150311,736034,8752.15
20150312,736035,8813.05
20150313,736036,8674.4
20150316,736039,8665.6
20150317,736040,8740.2
20150318,736041,8704.7
20150319,736042,8635.85
20150320,736043,8602.05
20150323,736046,8565
20150324,736047,8573.85
20150325,736048,8535
20150326,736049,8342.15
20150327,736050,8434.9
20150330,736053,8557.5
20150331,736054,8534.75
20150401,736055,8633.1
20150406,736060,8689.8
20150407,736061,8711.3
20150408,736062,8762.65
20150409,736063,8811.1
20150410,736064,8811.45
20150413,736067,8855.45
20150415,736069,8786.15
20150416,736070,8726.15
20150417,736071,8638.85
20150420,736074,8469.9
20150421,736075,8400.45
20150422,736076,8461.2
20150423,736077,8405.35
20150424,736078,8318.8
20150427,736081,8223
20150428,736082,8292.4
20150429,736083,8238.25
20150430,736084,8181.5
20150504,736088,8372.25
20150505,736089,8361.7
20150506,736090,8121.75
20150507,736091,8082.15
20150508,736092,8210.55
20150511,736095,8342.15
20150512,736096,8131.25
20150513,736097,8250.75
20150514,736098,8237.8
20150515,736099,8261.2
20150518,736102,8372.8
20150519,736103,8366.3
20150520,736104,8424.3
20150521,736105,8419.1
20150522,736106,8452.05
20150525,736109,8368.45
20150526,736110,8337.9
20150527,736111,8331.75
20150528,736112,8319
20150529,736113,8458.65
20150601,736116,8431.65
20150602,736117,8225.35
20150603,736118,8136.35
20150604,736119,8141.6
20150605,736120,8114.25
20150608,736123,8044.2
20150609,736124,8030.6
20150610,736125,8120.05
20150611,736126,7959.2
20150612,736127,7978.7
20150615,736130,8009.2
20150616,736131,8047
20150617,736132,8079.05
20150618,736133,8157.55
20150619,736134,8237.6
20150622,736137,8353.15
20150623,736138,8377.4
20150624,736139,8350.3
20150625,736140,8398
20150626,736141,8381.65
20150629,736144,8319.15
20150630,736145,8377.8
20150701,736146,8455.2
20150702,736147,8438.3
20150703,736148,8488
20150706,736151,8537.75
20150707,736152,8516.6
20150708,736153,8378
20150709,736154,8346.1
20150710,736155,8385.55
20150713,736158,8481.95
20150714,736159,8465.9
20150715,736160,8542.05
20150716,736161,8626.65
20150717,736162,8625.05
20150720,736165,8628.25
20150721,736166,8545
20150722,736167,8648.4
20150723,736168,8603.7
20150724,736169,8534.35
20150727,736172,8372.8
20150728,736173,8350.95
20150729,736174,8377.65
20150730,736175,8421.8
20150731,736176,8569.65
20150803,736179,8561.7
20150804,736180,8547.55
20150805,736181,8592.65
20150806,736182,8615
20150807,736183,8594.1
20150810,736186,8544.3
20150811,736187,8490.8
20150812,736188,8365.45
20150813,736189,8381
20150814,736190,8542.7
20150817,736193,8488.05
20150818,736194,8481.7
20150819,736195,8505.4
20150820,736196,8380.05
20150821,736197,8306.35
20150824,736200,7806.35
20150825,736201,7896.2
20150826,736202,7800.7
20150827,736203,7948.95
20150828,736204,8022.7
20150831,736207,8000.05
20150901,736208,7798.8
20150902,736209,7742.15
20150903,736210,7842.55
20150904,736211,7664.35
20150907,736214,7574.5
20150908,736215,7719.4
20150909,736216,7826.7
20150910,736217,7808.25
20150911,736218,7789.35
20150914,736221,7875.2
20150915,736222,7828.55
20150916,736223,7896.3
20150918,736225,7982.55
20150921,736228,7980.05
20150922,736229,7797.1
20150923,736230,7855.45
20150924,736231,7868.5
20150928,736235,7825.5
20150929,736236,7875.85
20150930,736237,7980.35
20151001,736238,7976.95
20151005,736242,8132.8
20151006,736243,8160.55
20151007,736244,8194.65
20151008,736245,8157.25
20151009,736246,8205.35
20151012,736249,8149.6
20151013,736250,8138.8
20151014,736251,8121.4
20151015,736252,8187
20151016,736253,8259.45
20151019,736256,8270.75
20151020,736257,8253.9
20151021,736258,8262.3
20151023,736260,8304.15
20151026,736263,8263.6
20151027,736264,8244.25
20151028,736265,8173.6
20151029,736266,8111.75
20151030,736267,8094.7
20151102,736270,8076.15
20151103,736271,8087.25
20151104,736272,8070.05
20151105,736273,7989.4
20151106,736274,7977.4
20151109,736277,7936.05
20151110,736278,7802.5
20151111,736279,7825.05
20151113,736281,7774.3
20151116,736284,7827.25
20151117,736285,7852.6
20151118,736286,7731.95
20151119,736287,7858.35
20151120,736288,7851.6
20151123,736291,7851.25
20151124,736292,7832.25
20151126,736294,7883.8
20151127,736295,7972.2
20151130,736298,7980.1
20151201,736299,7987.75
20151202,736300,7962.9
20151203,736301,7890.8
20151204,736302,7820.5
20151207,736305,7808.8
20151208,736306,7728.6
20151209,736307,7644.35
20151210,736308,7710.75
20151211,736309,7627.9
20151214,736312,7668
20151215,736313,7709.4
20151216,736314,7758.2
20151217,736315,7856.4
20151218,736316,7790.1
20151221,736319,7841.45
20151222,736320,7785.1
20151223,736321,7864
20151224,736322,7871.75
20151228,736326,7908.55
20151229,736327,7932.05
20151230,736328,7901.9
20151231,736329,7946.35
20160101,736330,7982
20160104,736333,7809.8
20160105,736334,7802.75
20160106,736335,7750.05
20160107,736336,7582.05
20160108,736337,7605.2
20160111,736340,7583.75
20160112,736341,7534.05
20160113,736342,7574.55
20160114,736343,7540.55
20160115,736344,7446.25
20160118,736347,7372.25
20160119,736348,7438.1
20160120,736349,7306.95
20160121,736350,7290.85
20160122,736351,7430.7
20160125,736354,7435.45
20160127,736356,7433.4
20160128,736357,7424.65
20160129,736358,7568.05
20160201,736361,7565.35
20160202,736362,7474.95
20160203,736363,7383.5
20160204,736364,7422.65
20160205,736365,7519.2
20160208,736368,7393.45
20160209,736369,7325.05
20160210,736370,7246.55
20160211,736371,6993.45
20160212,736372,6990
20160215,736375,7161.45
20160216,736376,7054.1
20160217,736377,7120.9
20160218,736378,7190.85
20160219,736379,7212.45
20160222,736382,7240.7
20160223,736383,7113.1
20160224,736384,7019.05
20160225,736385,6970.6
20160226,736386,7055.15
20160229,736389,7008.95
20160301,736390,7229.05
20160302,736391,7361.55
20160303,736392,7449.55
20160304,736393,7460.35
20160308,736397,7452.65
20160309,736398,7535.05
20160310,736399,7483.7
20160311,736400,7512.2
20160314,736403,7546.85
20160315,736404,7485.4
20160316,736405,7527
20160317,736406,7512.75
20160318,736407,7605.3
20160321,736410,7713.35
20160322,736411,7726.25
20160323,736412,7736.3
20160328,736417,7638.6
20160329,736418,7620.05
20160330,736419,7741
20160331,736420,7738.4
20160401,736421,7748.75
20160404,736424,7790.75
20160405,736425,7623.5
20160406,736426,7634.7
20160407,736427,7565.05
20160408,736428,7578.1
20160411,736431,7702.1
20160412,736432,7732.8
20160413,736433,7867.85
20160418,736438,7920.3
20160420,736440,7929.85
20160421,736441,7913.35
20160422,736442,7911.15
20160425,736445,7865
20160426,736446,7979.15
20160427,736447,7990.35
20160428,736448,7847.25
20160429,736449,7894.8
20160502,736452,7840.1
20160503,736453,7783.8
20160504,736454,7732.75
20160505,736455,7773.1
20160506,736456,7760.25
20160509,736459,7904.3
20160510,736460,7919.75
20160511,736461,7865.85
20160512,736462,7928.2
20160513,736463,7830.55
20160516,736466,7887.2
20160517,736467,7907.6
20160518,736468,7879.3
20160519,736469,7785.1
20160520,736470,7763.35
20160523,736473,7744.85
20160524,736474,7759.3
20160525,736475,7943
20160526,736476,8069.65
20160527,736477,8172.45
20160530,736480,8194.3
20160531,736481,8190.9
20160601,736482,8194.55
20160602,736483,8243.25
20160603,736484,8238.9
20160606,736487,8229.8
20160607,736488,8283.15
20160608,736489,8284.2
20160609,736490,8229.35
20160610,736491,8190.4
20160613,736494,8130.65
20160614,736495,8120.55
20160615,736496,8221.35
20160616,736497,8158.75
20160617,736498,8174.4
20160620,736501,8251.9
20160621,736502,8225.1
20160622,736503,8205.05
20160623,736504,8282.25
20160624,736505,8086.9
20160627,736508,8104.6
20160628,736509,8136.05
20160629,736510,8204.5
20160630,736511,8287.75
20160701,736512,8355.15
20160704,736515,8387.35
20160705,736516,8354
20160707,736518,8358.3
20160708,736519,8336.45
20160711,736522,8489.4
20160712,736523,8528.75
20160713,736524,8520.05
20160714,736525,8576.55
20160715,736526,8554.85
20160718,736529,8520.5
20160719,736530,8540.45
20160720,736531,8584.15
20160721,736532,8519.75
20160722,736533,8554.3
20160725,736536,8639.7
20160726,736537,8592.85
20160727,736538,8614.75
20160728,736539,8666.3
20160729,736540,8686.6
20160801,736543,8682
20160802,736544,8660.3
20160803,736545,8582.55
20160804,736546,8594.4
20160805,736547,8708.2
20160808,736550,8742.3
20160809,736551,8702.55
20160810,736552,8598.05
20160811,736553,8612.45
20160812,736554,8678.4
20160816,736558,8659.9
20160817,736559,8631.4
20160818,736560,8685.1
20160819,736561,8677.25
20160822,736564,8633.2
20160823,736565,8641.75
20160824,736566,8654.65
20160825,736567,8592.2
20160826,736568,8625
20160829,736571,8649.75
20160830,736572,8794.6
20160831,736573,8836.15
20160901,736574,8808.35
20160902,736575,8840.15
20160906,736579,8961.2
20160907,736580,8952.1
20160908,736581,8982.55
20160909,736582,8903.75
20160912,736585,8742.35
20160914,736587,8768.55
20160915,736588,8773.5
20160916,736589,8808.2
20160919,736592,8832.1
20160920,736593,8807.2
20160921,736594,8806.95
20160922,736595,8884.45
20160923,736596,8843.65
20160926,736599,8735.15
20160927,736600,8716.55
20160928,736601,8758.45
20160929,736602,8591.25
20160930,736603,8640.65