Ntime,Time,Close Price
20100930,734411,9360
20101001,734412,9390
20101004,734415,9350
20101005,734416,9520
20101006,734417,9700
20101007,734418,9690
20101008,734419,9580
20101012,734423,9400
20101013,734424,9410
20101014,734425,9570
20101015,734426,9520
20101018,734429,9490
20101019,734430,9530
20101020,734431,9380
20101021,734432,9370
20101022,734433,9420
20101025,734436,9430
20101026,734437,9360
20101027,734438,9410
20101028,734439,9370
20101029,734440,9190
20101101,734443,9160
20101102,734444,9170
20101104,734446,9360
20101105,734447,9650
20101108,734450,9720
20101109,734451,9690
20101110,734452,9810
20101111,734453,9860
20101112,734454,9740
20101115,734457,9820
20101116,734458,9780
20101117,734459,9830
20101118,734460,9980
20101119,734461,10050
20101122,734464,10120
20101124,734466,10040
20101125,734467,10080
20101126,734468,10060
20101129,734471,10120
20101130,734472,9950
20101201,734473,10000
20101202,734474,10160
20101203,734475,10190
20101206,734478,10180
20101207,734479,10150
20101208,734480,10240
20101209,734481,10270
20101210,734482,10210
20101213,734485,10280
20101214,734486,10310
20101215,734487,10300
20101216,734488,10300
20101217,734489,10290
20101220,734492,10230
20101221,734493,10350
20101222,734494,10330
20101224,734496,10280
20101227,734499,10350
20101228,734500,10320
20101229,734501,10360
20101230,734502,10210
20110104,734507,10380
20110105,734508,10380
20110106,734509,10510
20110107,734510,10550
20110111,734514,10510
20110112,734515,10520
20110113,734516,10560
20110114,734517,10500
20110117,734520,10500
20110118,734521,10520
20110119,734522,10570
20110120,734523,10440
20110121,734524,10280
20110124,734527,10340
20110125,734528,10470
20110126,734529,10420
20110127,734530,10480
20110128,734531,10370
20110131,734534,10230
20110201,734535,10270
20110202,734536,10460
20110203,734537,10440
20110204,734538,10530
20110207,734541,10590
20110208,734542,10630
20110209,734543,10620
20110210,734544,10620
20110214,734548,10730
20110215,734549,10740
20110216,734550,10800
20110217,734551,10840
20110218,734552,10850
20110221,734555,10870
20110222,734556,10660
20110223,734557,10570
20110224,734558,10470
20110225,734559,10510
20110228,734562,10630
20110301,734563,10750
20110302,734564,10490
20110303,734565,10590
20110304,734566,10700
20110307,734569,10530
20110308,734570,10520
20110309,734571,10600
20110310,734572,10370
20110311,734573,10170
20110314,734576,9460
20110315,734577,8640
20110316,734578,9000
20110317,734579,8930
20110318,734580,9130
20110322,734584,9530
20110323,734585,9380
20110324,734586,9350
20110325,734587,9450
20110328,734590,9410
20110329,734591,9480
20110330,734592,9710
20110331,734593,9760
20110401,734594,9700
20110404,734597,9710
20110405,734598,9630
20110406,734599,9610
20110407,734600,9590
20110408,734601,9770
20110411,734604,9720
20110412,734605,9560
20110413,734606,9640
20110414,734607,9650
20110415,734608,9560
20110418,734611,9560
20110419,734612,9440
20110420,734613,9610
20110421,734614,9680
20110422,734615,9680
20110425,734618,9680
20110426,734619,9550
20110427,734620,9710
20110428,734621,9870
20110502,734625,10030
20110506,734629,9850
20110509,734632,9810
20110510,734633,9820
20110511,734634,9860
20110512,734635,9700
20110513,734636,9670
20110516,734639,9560
20110517,734640,9580
20110518,734641,9670
20110519,734642,9630
20110520,734643,9620
20110523,734646,9460
20110524,734647,9480
20110525,734648,9410
20110526,734649,9550
20110527,734650,9530
20110530,734653,9520
20110531,734654,9690
20110601,734655,9710
20110602,734656,9550
20110603,734657,9520
20110606,734660,9400
20110607,734661,9450
20110608,734662,9460
20110609,734663,9480
20110610,734664,9500
20110613,734667,9450
20110614,734668,9530
20110615,734669,9580
20110616,734670,9410
20110617,734671,9340
20110620,734674,9350
20110621,734675,9450
20110622,734676,9610
20110623,734677,9600
20110624,734678,9670
20110627,734681,9590
20110628,734682,9650
20110629,734683,9790
20110630,734684,9820
20110701,734685,9850
20110704,734688,9960
20110705,734689,9960
20110706,734690,10080
20110707,734691,10080
20110708,734692,10160
20110711,734695,10080
20110712,734696,9920
20110713,734697,9950
20110714,734698,9930
20110715,734699,9970
20110719,734703,9890
20110720,734704,10020
20110721,734705,10010
20110722,734706,10140
20110725,734709,10050
20110726,734710,10110
20110727,734711,10040
20110728,734712,9900
20110729,734713,9830
20110801,734716,9970
20110802,734717,9830
20110803,734718,9650
20110804,734719,9670
20110805,734720,9280
20110808,734723,9120
20110809,734724,9000
20110810,734725,9020
20110811,734726,8980
20110812,734727,8960
20110815,734730,9060
20110816,734731,9070
20110817,734732,9040
20110818,734733,8940
20110819,734734,8710
20110822,734737,8620
20110823,734738,8740
20110824,734739,8660
20110825,734740,8780
20110826,734741,8790
20110829,734744,8870
20110830,734745,8950
20110831,734746,8960
20110901,734747,9060
20110902,734748,8940
20110905,734751,8770
20110906,734752,8610
20110907,734753,8780
20110908,734754,8730
20110909,734755,8650
20110912,734758,8480
20110913,734759,8570
20110914,734760,8460
20110915,734761,8600
20110916,734762,8790
20110920,734766,8650
20110921,734767,8680
20110922,734768,8490
20110926,734772,8290
20110927,734773,8580
20110928,734774,8640
20110929,734775,8710
20110930,734776,8700
20111003,734779,8530
20111004,734780,8450
20111005,734781,8380
20111006,734782,8530
20111007,734783,8590
20111011,734787,8770
20111012,734788,8740
20111013,734789,8800
20111014,734790,8770
20111017,734793,8900
20111018,734794,8750
20111019,734795,8790
20111020,734796,8670
20111021,734797,8680
20111024,734800,8840
20111025,734801,8770
20111026,734802,8730
20111027,734803,8920
20111028,734804,9050
20111031,734807,8960
20111101,734808,8850
20111102,734809,8690
20111104,734811,8800
20111107,734814,8760
20111108,734815,8670
20111109,734816,8730
20111110,734817,8490
20111111,734818,8500
20111114,734821,8620
20111115,734822,8560
20111116,734823,8450
20111117,734824,8470
20111118,734825,8410
20111121,734828,8360
20111122,734829,8320
20111124,734831,8160
20111125,734832,8180
20111128,734835,8310
20111129,734836,8480
20111130,734837,8420
20111201,734838,8600
20111202,734839,8660
20111205,734842,8680
20111206,734843,8580
20111207,734844,8680
20111208,734845,8680
20111209,734846,8520
20111212,734849,8620
20111213,734850,8550
20111214,734851,8500
20111215,734852,8370
20111216,734853,8400
20111219,734856,8300
20111220,734857,8330
20111221,734858,8440
20111222,734859,8370
20111226,734863,8450
20111227,734864,8450
20111228,734865,8420
20111229,734866,8390
20111230,734867,8450
20120104,734872,8530
20120105,734873,8500
20120106,734874,8390
20120110,734878,8420
20120111,734879,8430
20120112,734880,8380
20120113,734881,8500
20120116,734884,8380
20120117,734885,8470
20120118,734886,8550
20120119,734887,8650
20120120,734888,8750
20120123,734891,8770
20120124,734892,8790
20120125,734893,8870
20120126,734894,8850
20120127,734895,8830
20120130,734898,8800
20120131,734899,8810
20120201,734900,8790
20120202,734901,8870
20120203,734902,8840
20120206,734905,8900
20120207,734906,8900
20120208,734907,8990
20120209,734908,9010
20120210,734909,8970
20120213,734912,9000
20120214,734913,9060
20120215,734914,9270
20120216,734915,9230
20120217,734916,9400
20120220,734919,9470
20120221,734920,9490
20120222,734921,9570
20120223,734922,9570
20120224,734923,9640
20120227,734926,9620
20120228,734927,9760
20120229,734928,9710
20120301,734929,9710
20120302,734930,9760
20120305,734933,9680
20120306,734934,9650
20120307,734935,9580
20120308,734936,9760
20120309,734937,9840
20120312,734940,9800
20120313,734941,9840
20120314,734942,10010
20120315,734943,10060
20120316,734944,10060
20120319,734947,10080
20120321,734949,10020
20120322,734950,10040
20120323,734951,9930
20120326,734954,9960
20120327,734955,10180
20120328,734956,10180
20120329,734957,10110
20120330,734958,10090
20120402,734961,10110
20120403,734962,10050
20120404,734963,9820
20120405,734964,9790
20120406,734965,9680
20120409,734968,9550
20120410,734969,9540
20120411,734970,9440
20120412,734971,9540
20120413,734972,9640
20120416,734975,9470
20120417,734976,9450
20120418,734977,9660
20120419,734978,9600
20120420,734979,9560
20120423,734982,9550
20120424,734983,9480
20120425,734984,9550
20120426,734985,9560
20120427,734986,9500
20120501,734990,9340
20120502,734991,9360
20120507,734996,9110
20120508,734997,9180
20120509,734998,9040
20120510,734999,9030
20120511,735000,8950
20120514,735003,8970
20120515,735004,8910
20120516,735005,8750
20120517,735006,8850
20120518,735007,8600
20120521,735010,8620
20120522,735011,8730
20120523,735012,8570
20120524,735013,8560
20120525,735014,8580
20120528,735017,8600
20120529,735018,8650
20120530,735019,8610
20120531,735020,8530
20120601,735021,8420
20120604,735024,8290
20120605,735025,8410
20120606,735026,8530
20120607,735027,8610
20120608,735028,8430
20120611,735031,8610
20120612,735032,8530
20120613,735033,8590
20120614,735034,8570
20120615,735035,8560
20120618,735038,8730
20120619,735039,8650
20120620,735040,8740
20120621,735041,8820
20120622,735042,8780
20120625,735045,8720
20120626,735046,8690
20120627,735047,8740
20120628,735048,8870
20120629,735049,9010
20120702,735052,9020
20120703,735053,9070
20120704,735054,9090
20120705,735055,9090
20120706,735056,9020
20120709,735059,8880
20120710,735060,8860
20120711,735061,8850
20120712,735062,8700
20120713,735063,8700
20120717,735067,8750
20120718,735068,8740
20120719,735069,8790
20120720,735070,8670
20120723,735073,8510
20120724,735074,8470
20120725,735075,8350
20120726,735076,8440
20120727,735077,8560
20120730,735080,8610
20120731,735081,8680
20120801,735082,8630
20120802,735083,8630
20120803,735084,8540
20120806,735087,8730
20120807,735088,8800
20120808,735089,8870
20120809,735090,8970
20120810,735091,8870
20120813,735094,8870
20120814,735095,8930
20120815,735096,8920
20120816,735097,9080
20120817,735098,9170
20120820,735101,9190
20120821,735102,9150
20120822,735103,9110
20120823,735104,9180
20120824,735105,9060
20120827,735108,9080
20120828,735109,9050
20120829,735110,9080
20120830,735111,8970
20120831,735112,8820
20120903,735115,8770
20120904,735116,8780
20120905,735117,8670
20120906,735118,8690
20120907,735119,8880
20120910,735122,8870
20120911,735123,8800
20120912,735124,8950
20120913,735125,8990
20120914,735126,9080
20120918,735130,9070
20120919,735131,9170
20120920,735132,8990
20120921,735133,9060
20120924,735136,8990
20120925,735137,9010
20120926,735138,8920
20120927,735139,8960
20120928,735140,8880
20121001,735143,8780
20121002,735144,8780
20121003,735145,8750
20121004,735146,8840
20121005,735147,8870
20121009,735151,8770
20121010,735152,8590
20121011,735153,8550
20121012,735154,8560
20121015,735157,8590
20121016,735158,8710
20121017,735159,8810
20121018,735160,8980
20121019,735161,8990
20121022,735164,9020
20121023,735165,9000
20121024,735166,8970
20121025,735167,9070
20121026,735168,8930
20121029,735171,8920
20121030,735172,8850
20121031,735173,8920
20121101,735174,8950
20121102,735175,9060
20121105,735178,9020
20121106,735179,8980
20121107,735180,8960
20121108,735181,8840
20121109,735182,8760
20121112,735185,8690
20121113,735186,8670
20121114,735187,8670
20121115,735188,8820
20121116,735189,9010
20121119,735192,9130
20121120,735193,9120
20121121,735194,9220
20121122,735195,9360
20121126,735199,9400
20121127,735200,9430
20121128,735201,9300
20121129,735202,9410
20121130,735203,9450
20121203,735206,9460
20121204,735207,9430
20121205,735208,9480
20121206,735209,9540
20121207,735210,9560
20121210,735213,9540
20121211,735214,9520
20121212,735215,9580
20121213,735216,9760
20121214,735217,9760
20121217,735220,9820
20121218,735221,9940
20121219,735222,10180
20121220,735223,10030
20121221,735224,9960
20121225,735228,10070
20121226,735229,10240
20121227,735230,10370
20121228,735231,10390
20130104,735238,10680
20130107,735241,10620
20130108,735242,10480
20130109,735243,10570
20130110,735244,10660
20130111,735245,10830
20130115,735249,10890
20130116,735250,10580
20130117,735251,10630
20130118,735252,10920
20130121,735255,10710
20130122,735256,10700
20130123,735257,10470
20130124,735258,10630
20130125,735259,10930
20130128,735262,10810
20130129,735263,10890
20130130,735264,11100
20130131,735265,11110
20130201,735266,11170
20130204,735269,11270
20130205,735270,11080
20130206,735271,11430
20130207,735272,11390
20130208,735273,11170
20130212,735277,11370
20130213,735278,11260
20130214,735279,11330
20130215,735280,11170
20130218,735283,11410
20130219,735284,11370
20130220,735285,11440
20130221,735286,11320
20130222,735287,11410
20130225,735290,11650
20130226,735291,11410
20130227,735292,11260
20130228,735293,11500
20130301,735294,11570
20130304,735297,11650
20130305,735298,11690
20130306,735299,11930
20130307,735300,11970
20130308,735301,12220
20130311,735304,12290
20130312,735305,12260
20130313,735306,12200
20130314,735307,12330
20130315,735308,12490
20130318,735311,12170
20130319,735312,12420
20130321,735314,12570
20130322,735315,12320
20130325,735318,12510
20130326,735319,12370
20130327,735320,12520
20130328,735321,12400
20130329,735322,12400
20130401,735325,12180
20130402,735326,12030
20130403,735327,12360
20130404,735328,12720
20130405,735329,12810
20130408,735332,13210
20130409,735333,13190
20130410,735334,13290
20130411,735335,13490
20130412,735336,13500
20130415,735339,13340
20130416,735340,13310
20130417,735341,13400
20130418,735342,13270
20130419,735343,13370
20130422,735346,13560
20130423,735347,13540
20130424,735348,13830
20130425,735349,13920
20130426,735350,13950
20130430,735354,13880
20130501,735355,13800
20130502,735356,13710
20130507,735361,14160
20130508,735362,14260
20130509,735363,14230
20130510,735364,14660
20130513,735367,14820
20130514,735368,14800
20130515,735369,15090
20130516,735370,15070
20130517,735371,15190
20130520,735374,15390
20130521,735375,15400
20130522,735376,15670
20130523,735377,14590
20130524,735378,14610
20130527,735381,14030
20130528,735382,14360
20130529,735383,14200
20130530,735384,13610
20130531,735385,13700
20130603,735388,13240
20130604,735389,13650
20130605,735390,12940
20130606,735391,12820
20130607,735392,12680
20130610,735395,13620
20130611,735396,13380
20130612,735397,13280
20130613,735398,12450
20130614,735399,12770
20130617,735402,13060
20130618,735403,13000
20130619,735404,13260
20130620,735405,13030
20130621,735406,13370
20130624,735409,13010
20130625,735410,12940
20130626,735411,12780
20130627,735412,13270
20130628,735413,13680
20130701,735416,13870
20130702,735417,14130
20130703,735418,14020
20130704,735419,13990
20130705,735420,14340
20130708,735423,14100
20130709,735424,14460
20130710,735425,14430
20130711,735426,14470
20130712,735427,14470
20130716,735431,14600
20130717,735432,14600
20130718,735433,14800
20130719,735434,14650
20130722,735437,14690
20130723,735438,14780
20130724,735439,14730
20130725,735440,14520
20130726,735441,14130
20130729,735444,13600
20130730,735445,13890
20130731,735446,13600
20130801,735447,14050
20130802,735448,14480
20130805,735451,14230
20130806,735452,14400
20130807,735453,13860
20130808,735454,13620
20130809,735455,13670
20130812,735458,13510
20130813,735459,13850
20130814,735460,14010
20130815,735461,13790
20130816,735462,13670
20130819,735465,13770
20130820,735466,13410
20130821,735467,13400
20130822,735468,13350
20130823,735469,13700
20130826,735472,13650
20130827,735473,13540
20130828,735474,13360
20130829,735475,13460
20130830,735476,13350
20130902,735479,13570
20130903,735480,13990
20130904,735481,14100
20130905,735482,14000
20130906,735483,13850
20130909,735486,14220
20130910,735487,14400
20130911,735488,14440
20130912,735489,14330
20130913,735490,14320
20130917,735494,14280
20130918,735495,14430
20130919,735496,14680
20130920,735497,14680
20130924,735501,14680
20130925,735502,14560
20130926,735503,14830
20130927,735504,14740
20130930,735507,14460
20131001,735508,14510
20131002,735509,14190
20131003,735510,14140
20131004,735511,14040
20131007,735514,13860
20131008,735515,13930
20131009,735516,14070
20131010,735517,14200
20131011,735518,14410
20131015,735522,14460
20131016,735523,14470
20131017,735524,14590
20131018,735525,14590
20131021,735528,14710
20131022,735529,14710
20131023,735530,14430
20131024,735531,14480
20131025,735532,14120
20131028,735535,14370
20131029,735536,14340
20131030,735537,14540
20131031,735538,14350
20131101,735539,14190
20131105,735543,14200
20131106,735544,14350
20131107,735545,14250
20131108,735546,14090
20131111,735549,14280
20131112,735550,14550
20131113,735551,14600
20131114,735552,14820
20131115,735553,15170
20131118,735556,15180
20131119,735557,15150
20131120,735558,15100
20131121,735559,15420
20131122,735560,15430
20131125,735563,15610
20131126,735564,15520
20131127,735565,15480
20131128,735566,15700
20131129,735567,15740
20131202,735570,15690
20131203,735571,15730
20131204,735572,15470
20131205,735573,15160
20131206,735574,15310
20131209,735577,15650
20131210,735578,15590
20131211,735579,15520
20131212,735580,15370
20131213,735581,15480
20131216,735584,15220
20131217,735585,15290
20131218,735586,15590
20131219,735587,15760
20131220,735588,15870
20131224,735592,15900
20131225,735593,16110
20131226,735594,16240
20131227,735595,16200
20131230,735598,16290
20140106,735605,15900
20140107,735606,15780
20140108,735607,16110
20140109,735608,15910
20140110,735609,15920
20140114,735613,15420
20140115,735614,15780
20140116,735615,15720
20140117,735616,15750
20140120,735619,15670
20140121,735620,15790
20140122,735621,15830
20140123,735622,15700
20140124,735623,15440
20140127,735626,14940
20140128,735627,15000
20140129,735628,15380
20140130,735629,14990
20140131,735630,14850
20140203,735633,14560
20140204,735634,13920
20140205,735635,14180
20140206,735636,14150
20140207,735637,14500
20140210,735640,14730
20140212,735642,14770
20140213,735643,14500
20140214,735644,14330
20140217,735647,14410
20140218,735648,14840
20140219,735649,14770
20140220,735650,14420
20140221,735651,14830
20140224,735654,14840
20140225,735655,15000
20140226,735656,15000
20140227,735657,14960
20140228,735658,14860
20140303,735661,14630
20140304,735662,14840
20140305,735663,14880
20140306,735664,15120
20140307,735665,15290
20140310,735668,15160
20140311,735669,15210
20140312,735670,14830
20140313,735671,14750
20140314,735672,14220
20140317,735675,14270
20140318,735676,14340
20140319,735677,14420
20140320,735678,14130
20140324,735682,14400
20140325,735683,14260
20140326,735684,14390
20140327,735685,14640
20140328,735686,14700
20140331,735689,14830
20140401,735690,14760
20140402,735691,14970
20140403,735692,15080
20140404,735693,15080
20140407,735696,14810
20140408,735697,14590
20140409,735698,14380
20140410,735699,14290
20140411,735700,14060
20140414,735703,13950
20140415,735704,14030
20140416,735705,14420
20140417,735706,14380
20140418,735707,14520
20140421,735710,14530
20140422,735711,14350
20140423,735712,14550
20140424,735713,14420
20140425,735714,14460
20140428,735717,14310
20140430,735719,14220
20140501,735720,14490
20140502,735721,14480
20140507,735726,14070
20140508,735727,14140
20140509,735728,14210
20140512,735731,14170
20140513,735732,14430
20140514,735733,14410
20140515,735734,14300
20140516,735735,14130
20140519,735738,14030
20140520,735739,14060
20140521,735740,14040
20140522,735741,14310
20140523,735742,14420
20140526,735745,14580
20140527,735746,14610
20140528,735747,14680
20140529,735748,14690
20140530,735749,14650
20140602,735752,14940
20140603,735753,15030
20140604,735754,15040
20140605,735755,15060
20140606,735756,15090
20140609,735759,15130
20140610,735760,14970
20140611,735761,15060
20140612,735762,15000
20140613,735763,15140
20140616,735766,14920
20140617,735767,14990
20140618,735768,15120
20140619,735769,15340
20140620,735770,15380
20140623,735773,15350
20140624,735774,15400
20140625,735775,15260
20140626,735776,15320
20140627,735777,15120
20140630,735780,15160
20140701,735781,15310
20140702,735782,15380
20140703,735783,15320
20140704,735784,15440
20140707,735787,15380
20140708,735788,15340
20140709,735789,15300
20140710,735790,15250
20140711,735791,15170
20140714,735794,15320
20140715,735795,15400
20140716,735796,15380
20140717,735797,15370
20140718,735798,15210
20140722,735802,15330
20140723,735803,15330
20140724,735804,15300
20140725,735805,15450
20140728,735808,15510
20140729,735809,15640
20140730,735810,15630
20140731,735811,15650
20140801,735812,15580
20140804,735815,15460
20140805,735816,15340
20140806,735817,15140
20140807,735818,15190
20140808,735819,14760
20140811,735822,15130
20140812,735823,15150
20140813,735824,15220
20140814,735825,15290
20140815,735826,15320
20140818,735829,15330
20140819,735830,15430
20140820,735831,15420
20140821,735832,15550
20140822,735833,15550
20140825,735836,15620
20140826,735837,15530
20140827,735838,15520
20140828,735839,15470
20140829,735840,15420
20140901,735843,15480
20140902,735844,15670
20140903,735845,15700
20140904,735846,15660
20140905,735847,15690
20140908,735850,15720
20140909,735851,15750
20140910,735852,15800
20140911,735853,15910
20140912,735854,15880
20140916,735858,15860
20140917,735859,15800
20140918,735860,16000
20140919,735861,16220
20140922,735864,16160
20140924,735866,16100
20140925,735867,16280
20140926,735868,16270
20140929,735871,16310
20140930,735872,16180
20141001,735873,16110
20141002,735874,15710
20141003,735875,15760
20141006,735878,15940
20141007,735879,15820
20141008,735880,15620
20141009,735881,15500
20141010,735882,15340
20141014,735886,14900
20141015,735887,15070
20141016,735888,14720
20141017,735889,14530
20141020,735892,15120
20141021,735893,14780
20141022,735894,15160
20141023,735895,15140
20141024,735896,15330
20141027,735899,15400
20141028,735900,15330
20141029,735901,15570
20141030,735902,15670
20141031,735903,16490
20141104,735907,16710
20141105,735908,16990
20141106,735909,16820
20141107,735910,16940
20141110,735913,16790
20141111,735914,17090
20141112,735915,17160
20141113,735916,17420
20141114,735917,17450
20141117,735920,17040
20141118,735921,17360
20141119,735922,17370
20141120,735923,17320
20141121,735924,17380
20141125,735928,17430
20141126,735929,17380
20141127,735930,17250
20141128,735931,17450
20141201,735934,17570
20141202,735935,17690
20141203,735936,17750
20141204,735937,17880
20141205,735938,17940
20141208,735941,17970
20141209,735942,17790
20141210,735943,17470
20141211,735944,17210
20141212,735945,17380
20141215,735948,17020
20141216,735949,16730
20141217,735950,16810
20141218,735951,17260
20141219,735952,17670
20141222,735955,17600
20141224,735957,17790
20141225,735958,17750
20141226,735959,17860
20141229,735962,17720
20141230,735963,17450
20150105,735969,17380
20150106,735970,16900
20150107,735971,16960
20150108,735972,17250
20150109,735973,17210
20150113,735977,17090
20150114,735978,16760
20150115,735979,17160
20150116,735980,16800
20150119,735983,17040
20150120,735984,17390
20150121,735985,17210
20150122,735986,17360
20150123,735987,17510
20150126,735990,17440
20150127,735991,17700
20150128,735992,17850
20150129,735993,17610
20150130,735994,17670
20150202,735997,17530
20150203,735998,17330
20150204,735999,17660
20150205,736000,17480
20150206,736001,17660
20150209,736004,17690
20150210,736005,17640
20150212,736007,17870
20150213,736008,17960
20150216,736011,17990
20150217,736012,18000
20150218,736013,18180
20150219,736014,18260
20150220,736015,18360
20150223,736018,18460
20150224,736019,18620
20150225,736020,18630
20150226,736021,18800
20150227,736022,18820
20150302,736025,18860
20150303,736026,18820
20150304,736027,18650
20150305,736028,18760
20150306,736029,18990
20150309,736032,18790
20150310,736033,18670
20150311,736034,18650
20150312,736035,19010
20150313,736036,19200
20150316,736039,19250
20150317,736040,19400
20150318,736041,19480
20150319,736042,19440
20150320,736043,19500
20150323,736046,19690
20150324,736047,19640
20150325,736048,19650
20150326,736049,19290
20150327,736050,19320
20150330,736053,19430
20150331,736054,19210
20150401,736055,19120
20150402,736056,19350
20150403,736057,19480
20150406,736060,19390
20150407,736061,19680
20150408,736062,19820
20150409,736063,19920
20150410,736064,19970
20150413,736067,19930
20150414,736068,19910
20150415,736069,19870
20150416,736070,19880
20150417,736071,19690
20150420,736074,19600
20150421,736075,19970
20150422,736076,20160
20150423,736077,20170
20150424,736078,20050
20150427,736081,20000
20150428,736082,20040
20150430,736084,19510
20150501,736085,19540
20150507,736091,19240
20150508,736092,19380
20150511,736095,19640
20150512,736096,19670
20150513,736097,19780
20150514,736098,19550
20150515,736099,19760
20150518,736102,19890
20150519,736103,20030
20150520,736104,20230
20150521,736105,20180
20150522,736106,20280
20150525,736109,20430
20150526,736110,20470
20150527,736111,20480
20150528,736112,20570
20150529,736113,20560
20150601,736116,20570
20150602,736117,20540
20150603,736118,20490
20150604,736119,20500
20150605,736120,20460
20150608,736123,20450
20150609,736124,20050
20150610,736125,20110
20150611,736126,20450
20150612,736127,20390
20150615,736130,20340
20150616,736131,20230
20150617,736132,20240
20150618,736133,19960
20150619,736134,20170
20150622,736137,20450
20150623,736138,20830
20150624,736139,20820
20150625,736140,20760
20150626,736141,20760
20150629,736144,20110
20150630,736145,20230
20150701,736146,20400
20150702,736147,20540
20150703,736148,20540
20150706,736151,20200
20150707,736152,20420
20150708,736153,19660
20150709,736154,19860
20150710,736155,19860
20150713,736158,20090
20150714,736159,20430
20150715,736160,20450
20150716,736161,20560
20150717,736162,20640
20150721,736166,20840
20150722,736167,20560
20150723,736168,20670
20150724,736169,20520
20150727,736172,20350
20150728,736173,20300
20150729,736174,20300
20150730,736175,20560
20150731,736176,20570
20150803,736179,20500
20150804,736180,20450
20150805,736181,20600
20150806,736182,20650
20150807,736183,20710
20150810,736186,20790
20150811,736187,20670
20150812,736188,20340
20150813,736189,20630
20150814,736190,20510
20150817,736193,20630
20150818,736194,20560
20150819,736195,20230
20150820,736196,20040
20150821,736197,19430
20150824,736200,18410
20150825,736201,17670
20150826,736202,18440
20150827,736203,18570
20150828,736204,19180
20150831,736207,18840
20150901,736208,18110
20150902,736209,18250
20150903,736210,18230
20150904,736211,17760
20150907,736214,17870
20150908,736215,17460
20150909,736216,18580
20150910,736217,18270
20150911,736218,18170
20150914,736221,17820
20150915,736222,17880
20150916,736223,18140
20150917,736224,18360
20150918,736225,18000
20150924,736231,17450
20150925,736232,17770
20150928,736235,17690
20150929,736236,16940
20150930,736237,17390
20151001,736238,17690
20151002,736239,17670
20151005,736242,18070
20151006,736243,18170
20151007,736244,18380
20151008,736245,18100
20151009,736246,18420
20151013,736250,18210
20151014,736251,17940
20151015,736252,18100
20151016,736253,18290
20151019,736256,18130
20151020,736257,18210
20151021,736258,18540
20151022,736259,18450
20151023,736260,18800
20151026,736263,18940
20151027,736264,18840
20151028,736265,18930
20151029,736266,18900
20151030,736267,19090
20151102,736270,18740
20151104,736272,18900
20151105,736273,19140
20151106,736274,19260
20151109,736277,19620
20151110,736278,19700
20151111,736279,19740
20151112,736280,19680
20151113,736281,19630
20151116,736284,19410
20151117,736285,19680
20151118,736286,19690
20151119,736287,19880
20151120,736288,19890
20151124,736292,19960
20151125,736293,19850
20151126,736294,19940
20151127,736295,19860
20151130,736298,19750
20151201,736299,20020
20151202,736300,19950
20151203,736301,19940
20151204,736302,19460
20151207,736305,19750
20151208,736306,19490
20151209,736307,19300
20151210,736308,19020
20151211,736309,19210
20151214,736312,18840
20151215,736313,18550
20151216,736314,19090
20151217,736315,19340
20151218,736316,18950
20151221,736319,18840
20151222,736320,18870
20151224,736322,18810
20151225,736323,18720
20151228,736326,18900
20151229,736327,18980
20151230,736328,19030
20160104,736333,18380
20160105,736334,18360
20160106,736335,18180
20160107,736336,17660
20160108,736337,17690
20160112,736341,17090
20160113,736342,17700
20160114,736343,17310
20160115,736344,17150
20160118,736347,16860
20160119,736348,17060
20160120,736349,16320
20160121,736350,16000
20160122,736351,16870
20160125,736354,17180
20160126,736355,16660
20160127,736356,17170
20160128,736357,17060
20160129,736358,17640
20160201,736361,17870
20160202,736362,17780
20160203,736363,17160
20160204,736364,17070
20160205,736365,16720
20160208,736368,17000
20160209,736369,16060
20160210,736370,15670
20160212,736372,14800
20160215,736375,15940
20160216,736376,16040
20160217,736377,15740
20160218,736378,16240
20160219,736379,15980
20160222,736382,16070
20160223,736383,16100
20160224,736384,15860
20160225,736385,16130
20160226,736386,16260
20160229,736389,15930
20160301,736390,16100
20160302,736391,16740
20160303,736392,16990
20160304,736393,17000
20160307,736396,16950
20160308,736397,16800
20160309,736398,16630
20160310,736399,16850
20160311,736400,16850
20160314,736403,17110
20160315,736404,16960
20160316,736405,16810
20160317,736406,16820
20160318,736407,16510
20160322,736411,16910
20160323,736412,16810
20160324,736413,16720
20160325,736414,16870
20160328,736417,16970
20160329,736418,17100
20160330,736419,16940
20160331,736420,16760
20160401,736421,16180
20160404,736424,16050
20160405,736425,15730
20160406,736426,15740
20160407,736427,15730
20160408,736428,15830
20160411,736431,15740
20160412,736432,15930
20160413,736433,16420
20160414,736434,16900
20160415,736435,16760
20160418,736438,16320
20160419,736439,16870
20160420,736440,16870
20160421,736441,17410
20160422,736442,17570
20160425,736445,17450
20160426,736446,17300
20160427,736447,17270
20160428,736448,16500
20160502,736452,16140
20160506,736456,16080
20160509,736459,16220
20160510,736460,16580
20160511,736461,16580
20160512,736462,16710
20160513,736463,16340
20160516,736466,16520
20160517,736467,16700
20160518,736468,16590
20160519,736469,16640
20160520,736470,16740
20160523,736473,16650
20160524,736474,16480
20160525,736475,16770
20160526,736476,16790
20160527,736477,16820
20160530,736480,17080
20160531,736481,17230
20160601,736482,16970
20160602,736483,16590
20160603,736484,16660
20160606,736487,16560
20160607,736488,16700
20160608,736489,16850
20160609,736490,16630
20160610,736491,16530
20160613,736494,15970
20160614,736495,15780
20160615,736496,15900
20160616,736497,15370
20160617,736498,15530
20160620,736501,15920
20160621,736502,16160
20160622,736503,15990
20160623,736504,16170
20160624,736505,14950
20160627,736508,15360
20160628,736509,15300
20160629,736510,15570
20160630,736511,15570
20160701,736512,15670
20160704,736515,15760
20160705,736516,15600
20160706,736517,15280
20160707,736518,15260
20160708,736519,15120
20160711,736522,15710
20160712,736523,16150
20160713,736524,16230
20160714,736525,16400
20160715,736526,16560
20160719,736530,16720
20160720,736531,16690
20160721,736532,16810
20160722,736533,16630
20160725,736536,16610
20160726,736537,16340
20160727,736538,16710
20160728,736539,16410
20160729,736540,16610
20160801,736543,16590
20160802,736544,16340
20160803,736545,16030
20160804,736546,16190
20160805,736547,16210
20160808,736550,16610
20160809,736551,16730
20160810,736552,16770
20160812,736554,16920
20160815,736557,16870
20160816,736558,16600
20160817,736559,16750
20160818,736560,16500
20160819,736561,16520
20160822,736564,16570
20160823,736565,16510
20160824,736566,16540
20160825,736567,16520
20160826,736568,16400
20160829,736571,16730
20160830,736572,16740
20160831,736573,16890
20160901,736574,16940
20160902,736575,16940
20160905,736578,17030
20160906,736579,17080
20160907,736580,16990
20160908,736581,16940
20160909,736582,16860
20160912,736585,16540
20160913,736586,16600
20160914,736587,16480
20160915,736588,16260
20160916,736589,16350
20160920,736593,16320
20160921,736594,16730
20160923,736596,16570
20160926,736599,16400
20160927,736600,16540
20160928,736601,16460
20160929,736602,16720
20160930,736603,16450